DATE,basis,vol_5d,vol_20d,spread_proxy_bps,volume_z,abs_basis_bps,stress
2021-02-04,0.9706679717639268,6.1766190206659,9.692186805780716,0.12102727954881029,-0.489456974001372,9706.679717639268,0
2021-02-05,0.9678946288977884,6.72651122420201,9.647436806540146,0.09747633761904298,0.14195479778658918,9678.946288977884,0
2021-02-08,0.9730780685992672,8.703377176641744,9.811025540286657,0.08639458133185887,0.5657718452646977,9730.780685992671,0
2021-02-09,0.972812110586829,9.121370086595086,9.820331952980323,0.1916332905352318,-1.4431164778508705,9728.121105868291,0
2021-02-10,0.975538867143372,9.432559792633596,10.159220943056717,0.12376543973860739,-0.5129272643285865,9755.38867143372,0
2021-02-11,0.971612049807686,10.14340628600242,9.333881920809283,0.08359316876624842,0.7299424012917887,9716.12049807686,0
2021-02-12,0.9694010596738656,12.317614671053082,9.744105172797491,0.07098038102268532,1.374021663755639,9694.010596738655,0
2021-02-16,0.966756097673414,14.386022157403156,10.702467495540931,0.05621419858227791,2.403807702841734,9667.56097673414,0
2021-02-17,0.975784816673253,16.261040339761585,10.968988498809965,0.08929288960720058,0.35741451524002615,9757.84816673253,0
2021-02-18,0.9695133781832936,13.34852591373611,10.92633063542464,0.09297741578570565,0.21943146720295378,9695.133781832936,0
2021-02-19,0.9655654749860048,14.219798607632764,11.493637322302725,0.07848246309362172,0.8064666640192473,9655.654749860048,0
2021-02-22,0.966033148181148,13.617009976054925,11.39872274902042,0.07573519944864775,0.9337418778644911,9660.331481811481,0
2021-02-23,0.9655159047382204,11.428076557049959,9.933964864144082,0.07899830153651696,0.7534601597876234,9655.159047382203,0
2021-02-24,0.9646192984630688,6.43609086508082,9.944002746029751,0.05759340209985544,2.0732849389588415,9646.192984630688,0
2021-02-25,0.9787359286301356,8.581716714659786,10.493450401896634,0.01900356696952018,6.510305805063034,9787.359286301356,0
2021-02-26,0.9859691854394989,30.419011248496798,17.13387160667227,0.02201513320256344,4.350624698248133,9859.691854394989,0
2021-03-01,0.9752338455993697,31.53309221558567,17.477694604152084,0.045355587808417995,1.3006883485309189,9752.338455993697,0
2021-03-02,0.968472537562408,31.502532239904568,17.443013068957587,0.08011408245341366,0.08421308264345082,9684.72537562408,0
2021-03-03,0.9590851087399485,32.15418509084109,17.607094146386324,0.05059781316251511,0.9805191305173276,9590.851087399484,0
2021-03-04,0.9652745079272084,29.96414154975261,17.535870131639744,0.04470952223404541,1.270565141890744,9652.745079272083,0
2021-03-05,0.9656589302821138,10.50576992160656,17.64831407978264,0.04854840275754928,1.0191106163048476,9656.589302821138,0
2021-03-08,0.9589273112395466,8.59293769401,17.627569145869188,0.06563144008505835,0.3423364202299472,9589.273112395465,0
2021-03-09,0.9704953465466112,15.841887946929978,18.485263070799473,0.06914003622937898,0.23348333149386258,9704.953465466111,0
2021-03-10,0.9692680512833152,13.732512571597203,18.524318688347893,0.08072588717750008,-0.028700925445422895,9692.680512833153,0
2021-03-11,0.9687958621431928,13.991929463229615,18.226521400351135,0.07066788215423972,0.17800032683777234,9687.958621431928,0
2021-03-12,0.9679103608235738,20.638259723125536,19.268385022952643,0.049013120812441496,0.9251911159962987,9679.103608235739,0
2021-03-15,0.9673938678924356,21.357852782827546,19.35162448097294,0.0879778295869441,-0.20438440936444535,9673.938678924356,0
2021-03-16,0.9663569613585786,16.5807957008204,18.851346229775736,0.06423473943177949,0.3069142914351413,9663.569613585787,0
2021-03-17,0.96191567344131,15.4139012515455,18.587338300569122,0.03689015954994006,1.66836727769442,9619.1567344131,0
2021-03-18,0.9539812807117252,15.599299556973593,18.731162251924722,0.046263954365235414,0.9673957605452502,9539.812807117252,0
2021-03-19,0.9660917763692306,12.022348308328327,18.71394804435647,0.05351886540005352,0.5917822505948499,9660.917763692307,0
2021-03-22,0.9639180647631626,14.529788836470864,19.274135831253968,0.0586596275113653,0.3749212932706116,9639.180647631625,0
2021-03-23,0.9661013483380964,15.643293093569952,19.661052695477384,0.05963598196607905,0.3262829290143916,9661.013483380964,0
2021-03-24,0.9663327511839984,13.35026860238171,19.70223776367737,0.07213445863088798,-0.05126133585973512,9663.327511839983,0
2021-03-25,0.9610961068734576,11.829296106775294,19.036234812783192,0.048118564142045996,0.7806211660144163,9610.961068734576,0
2021-03-26,0.9645193460191812,13.041181600182716,14.370402547577719,0.11857754378475804,-0.7501660378295376,9645.193460191813,0
2021-03-29,0.966682508173596,12.573797944191028,13.983752010176318,0.07159169822667363,-0.07416243185832389,9666.82508173596,0
2021-03-30,0.963197449907087,10.818787489569342,14.20256312590649,0.0665743502343417,0.042038458900369245,9631.97449907087,0
2021-03-31,0.9608021946602024,8.815641709456191,13.872623494733382,0.05189063529704794,0.5603357200249298,9608.021946602024,0
2021-04-01,0.9690762939616374,16.163864290449514,15.126450724915044,0.06717766477001727,0.0031245882765409943,9690.762939616374,0
2021-04-05,0.9708046081790196,16.321206891167105,15.168026264178513,0.12131505519835012,-0.8010960801993032,9708.046081790197,0
2021-04-06,0.970350810569177,14.405634548086324,15.137137794463953,0.10773075928639145,-0.6567794228254543,9703.50810569177,0
2021-04-07,0.9652073425628812,16.10852552298351,14.417206128548528,0.09047563038895474,-0.42914705265258324,9652.073425628812,0
2021-04-08,0.9693314143746156,15.364979984736035,14.752562530227026,0.1274226226124186,-0.8279638782202686,9693.314143746156,0
2021-04-09,0.9673541057716336,11.082468422825675,14.593696295132116,0.1147078391337264,-0.7094966760277623,9673.541057716337,0
2021-04-12,0.968216924184964,10.43594127774437,12.361125774302574,0.13056534795665228,-0.8266335388653931,9682.16924184964,0
2021-04-13,0.9743097945813506,10.697956399817762,12.46530682714147,0.07556979626382927,-0.13344389845152713,9743.097945813506,0
2021-04-14,0.969758716699288,9.161594790559409,12.426703931774549,0.137114024022377,-0.8549463315688162,9697.58716699288,0
2021-04-15,0.971426781344207,13.790909249434991,13.250402230606515,0.04184678219168337,1.1493905848572958,9714.26781344207,0
2021-04-16,0.9646929848440156,15.345871834271186,12.989348899327121,0.06562368752624947,0.0735515805237276,9646.929848440155,0
2021-04-19,0.9693618276343708,15.738888972917461,13.00485834679134,0.07201083042889651,-0.10549691277058935,9693.618276343708,0
2021-04-20,0.9715254931143896,15.239304053813207,12.562071485999779,0.08713457935781815,-0.40937681685412136,9715.254931143896,0
2021-04-21,0.9737555931617592,14.669353944901461,12.230219154409763,0.0840180806909647,-0.36444385090429926,9737.555931617591,0
2021-04-22,0.9737151821064856,8.432025186831387,12.186244138998228,0.07063942810319007,-0.09732302724859747,9737.151821064856,0
2021-04-23,0.9725240999932636,5.693989529642065,11.81132376940105,0.08128627399977241,-0.3414114857345121,9725.240999932636,0
2021-04-26,0.9662632047809177,5.113773358434381,11.72576786347888,0.10984786071291261,-0.7406195837564004,9662.632047809177,0
2021-04-27,0.9662418224260942,7.905815573709404,11.751853453686307,0.07073486450736703,-0.1043051436545533,9662.418224260942,0
2021-04-28,0.969240235381502,7.609014630757045,11.657228770132699,0.06551491447027916,0.02290957996739956,9692.40235381502,0
2021-04-29,0.9685809517049424,5.553260798901599,11.49652206806395,0.0582133168783691,0.24993360406990187,9685.809517049423,0
2021-04-30,0.9696857581802034,6.73754922227224,9.965905771414466,0.0637267397399949,0.04793014680802063,9696.857581802034,0
2021-05-03,0.9691425481111926,7.0000393554671385,9.803845607423371,0.06079877429671018,0.12805794514281396,9691.425481111926,0
2021-05-04,0.9738506502278976,5.611830842020157,9.803293785154668,0.05364893211800619,0.3934975476364119,9738.506502278977,0
2021-05-05,0.9701982444081312,5.563400833199433,9.380623679797461,0.0898642151708768,-0.5755887777806957,9701.982444081312,0
2021-05-06,0.9717158609523032,3.8412182821974326,8.998163286501391,0.04564625974547645,0.7883285951000013,9717.158609523032,0
2021-05-07,0.9740464668777556,6.6192978680026355,9.094479046531413,0.05450512075609504,0.3040039111556923,9740.464668777557,0
2021-05-10,0.9660604043609636,10.452012136097602,9.873730865848277,0.06602316092485244,-0.124206000987878,9660.604043609635,0
2021-05-11,0.9652242908565216,8.07997647147666,9.691832330113396,0.06596915282413943,-0.12498076036203586,9652.242908565217,0
2021-05-12,0.9633810372056848,7.818983690197534,10.297623547809929,0.04794001745016635,0.6183385420036971,9633.810372056849,0
2021-05-13,0.9629831373425396,7.759458645830761,8.029310864709077,0.0764882705237152,-0.41052175118338746,9629.831373425395,0
2021-05-14,0.9692407829051513,13.456967118400293,8.555518089495365,0.05692588818617043,0.16736196975201484,9692.407829051512,0
2021-05-17,0.9702402183634212,11.92855511500341,8.534238074467945,0.16356439530243058,-1.316297179740632,9702.402183634213,0
2021-05-18,0.9669191202777924,11.43656199158102,8.323579345818102,0.08754191068974271,-0.6177349811430338,9669.191202777924,0
2021-05-19,0.969040953683168,8.087353053033796,8.257931690193935,0.06994963626189143,-0.24711637221305932,9690.40953683168,0
2021-05-20,0.9696715379156338,9.722305583936087,8.70771283812474,0.07512865782652793,-0.36657621600026175,9696.715379156338,0
2021-05-21,0.9725320706055292,7.575703254839469,8.82032311438017,0.09831294978174525,-0.8698641947087782,9725.320706055292,0
2021-05-24,0.9729213332165636,7.251284990933195,8.956794662053213,0.1455879569641999,-1.6895643163877327,9729.213332165637,0
2021-05-25,0.9721242863033104,7.391485665823259,9.045979449204337,0.08099198989219966,-0.4932080297355547,9721.242863033103,0
2021-05-26,0.9721785304378816,6.99187291121561,9.075827102285393,0.10210645619122496,-1.0321891883325591,9721.785304378816,0
2021-05-27,0.9728576075754658,8.218018717942893,9.13377209524603,0.09349988780013464,-0.808793862431896,9728.576075754658,0
2021-05-28,0.9611300132991114,8.505662059052375,9.11962519880325,0.09748488984207448,-0.8771781442125615,9611.300132991115,0
2021-06-01,0.9744619330979544,8.20800590526501,9.117334485929957,0.08490045421743006,-0.5151022664779557,9744.619330979544,0
2021-06-02,0.9738451126946518,3.6871506119338657,8.80724246891038,0.136093305570299,-1.4569721654796821,9738.451126946518,0
2021-06-03,0.9716043651628624,4.171558928246099,8.861527116837314,0.09095870474804439,-0.6354206646221611,9716.043651628625,0
2021-06-04,0.9777304633928884,10.875909385692083,10.185132357914966,0.06339666660327,0.40576970731587664,9777.304633928883,0
2021-06-07,0.9751052149119942,11.237851752342266,10.084635862574679,0.1282084156004,-1.3084167384282828,9751.052149119942,0
2021-06-08,0.9751085220433164,11.591595297383165,9.585801970092717,0.08904005912259925,-0.5385519918678441,9751.085220433164,0
2021-06-09,0.9803806173507766,12.171547294174758,9.623415125130045,0.07831896180384233,-0.20514327851948191,9803.806173507766,0
2021-06-10,0.9835620555185974,9.701002717616426,8.557325318968832,0.05076580212505648,1.2932181785975068,9835.620555185975,0
2021-06-11,0.9820953696374296,8.563936171911458,8.680813900757512,0.11565105762892201,-1.1224718102327744,9820.953696374296,0
2021-06-14,0.980730575716842,11.024388467533928,8.976055161667308,0.10636826821822515,-0.921562099561055,9807.30575716842,0
2021-06-15,0.9800778563217072,10.435841040265531,8.932061808457473,0.05492302537993003,1.1892335461764483,9800.778563217073,0
2021-06-16,0.9801254296605144,7.684739046926932,8.84619756593447,0.05082256318515168,1.511316763990276,9801.254296605144,0
2021-06-17,0.98009736683184,13.39819466940677,9.86555188291379,0.028388283587597728,4.265617439574645,9800.9736683184,0
2021-06-18,0.9858105343485356,18.14903067146783,11.28199999926237,0.0375701152275434,2.3974426531911672,9858.105343485357,0
2021-06-21,0.9835579243345,22.66557989861073,13.30019964552478,0.06066120715802244,0.5205583507097926,9835.579243344999,0
2021-06-22,0.9831901867567108,22.38601718008684,13.287650152784314,0.06882217725839974,0.1318479035845018,9831.901867567107,0
2021-06-23,0.9815466235375484,22.64023636982945,13.097793243908967,0.08305027032862991,-0.3376872653257695,9815.466235375485,0
2021-06-24,0.9812582002846024,20.184258573317567,13.043997390246846,0.11378635474033953,-0.9325491708010548,9812.582002846024,0
2021-06-25,0.9813818430522384,13.083295782180368,13.59274677729682,0.06425826682602717,0.3671873507131211,9813.818430522384,0
2021-06-28,0.9825781309063184,11.99332414254292,13.907504989738372,0.08725470520997845,-0.40617564487210395,9825.781309063184,0
2021-06-29,0.9841575160829948,11.917845345848555,13.88544530930322,0.0891432442792323,-0.4653975965917517,9841.575160829949,0
2021-06-30,0.9808228232490496,11.960710737799348,13.912803279512257,0.06365818103113521,0.3803977039274258,9808.228232490495,0
2021-07-01,0.9844031932058808,12.004713046586112,13.76528074231661,0.09250693802035152,-0.566255651080018,9844.031932058808,0
2021-07-02,0.9876630957763338,6.326024865027296,13.179303691239419,0.1036247953410292,-0.8009186821651523,9876.630957763338,0
2021-07-06,0.9916976566891168,7.18000304322505,13.481083934935947,0.04990717265885453,1.1780518531157462,9916.976566891168,0
2021-07-07,0.9900958746060156,7.027057102985168,13.575506629205044,0.04769991032416859,1.3120320974157633,9900.958746060156,0
2021-07-08,0.9874303283455532,7.121763485152513,13.393789568642012,0.057182721668820546,0.6241655456242272,9874.303283455532,0
2021-07-09,0.9853699931905452,16.093868460265927,14.540579239516838,0.06904360794277666,0.02231349597848232,9853.699931905452,0
2021-07-12,0.9880067731165464,16.148881438074127,14.532062837732749,0.09424715373595717,-0.7114196041151818,9880.067731165464,0
2021-07-13,0.9849124642610372,14.43810698897451,14.531557027904988,0.04284453432275644,1.7720269406517355,9849.124642610372,0
2021-07-14,0.9882355275850666,15.684488417566373,14.901007131834609,0.062349581634307226,0.33611492169583723,9882.355275850667,0
2021-07-15,0.9891701773200018,17.901787886236686,15.179906739509702,0.05416413900684634,0.7850434093541719,9891.701773200019,0
2021-07-16,0.9888967216359336,13.466712221110303,14.542059535707477,0.07819892241884906,-0.3244762637457549,9888.967216359335,0
2021-07-19,0.990272586364864,18.644843685700717,15.057185977583599,0.024873208818049993,4.145894735335582,9902.72586364864,0
2021-07-20,0.9918921681224092,19.6516637401995,14.060130828074458,0.038948696776605854,1.689841670514739,9918.921681224092,0
2021-07-21,0.9909023226074476,23.060001053584237,15.041689207086304,0.05002776540980244,0.7539238646805717,9909.023226074476,0
2021-07-22,0.9939583368833534,22.684400794330937,15.199968127533111,0.05513621401672832,0.44553144153129043,9939.583368833535,0
2021-07-23,0.989304115714529,23.3736930164135,15.527498550324879,0.07911830560236721,-0.4273715310167101,9893.04115714529,0
2021-07-26,0.9851468347256844,13.631600761542884,14.967001326042837,0.09312981364724289,-0.7117375470120059,9851.468347256845,0
2021-07-27,0.9923351807595824,16.19334169671436,14.995556779803804,0.07670770528899627,-0.3380635792398128,9923.351807595824,0
2021-07-28,0.9977051666959006,12.1559409318087,15.014086230261862,0.06970244028243429,-0.12393660506245781,9977.051666959005,0
2021-07-29,0.9901048824538254,11.06054591780968,15.227355403861017,0.08671522719389525,-0.5533042513590783,9901.048824538255,0
2021-07-30,0.9907370325443104,10.224187639509239,15.252785422738915,0.06972479622928301,-0.11470789945098793,9907.370325443104,0
2021-08-02,0.996229573376799,10.515731319204628,15.391095254593187,0.04709716616351194,0.9897616317754696,9962.295733767989,0
2021-08-03,0.9937974619835356,8.610528670453187,14.961372453213887,0.07483965603694084,-0.25718801617649456,9937.974619835355,0
2021-08-04,0.9909167494973824,8.482577561390757,14.707366227833877,0.054740829542530886,0.5199400750177953,9909.167494973824,0
2021-08-05,0.9911946740527112,8.228716966178625,14.82691264965546,0.06516610841033794,0.05190450787737681,9911.946740527112,0
2021-08-06,0.9855431042523912,15.222267480439358,15.19937986060453,0.047294069796588206,0.9781030759787188,9855.431042523913,0
2021-08-09,0.9853605340237084,11.728410921075819,15.257446319526222,0.07726542217826679,-0.33264115496814145,9853.605340237084,0
2021-08-10,0.9865938177237726,10.85780801875227,15.081611285781834,0.07290276957621619,-0.19880584166998108,9865.938177237726,0
2021-08-11,0.9853727937843356,9.785605026912153,14.533824548224022,0.0580463906754278,0.3388829434765068,9853.727937843356,0
2021-08-12,0.9925543914544956,10.308358327254377,13.938357333917537,0.06798373828980109,-0.07995597738869716,9925.543914544956,0
2021-08-13,0.9958892803401644,13.306412510066796,15.097936461297703,0.053608380061971286,0.5505566350085421,9958.892803401644,0
2021-08-16,0.9919915839832798,12.650165757806494,12.788898277311073,0.05216239195864565,0.6173454802038302,9919.915839832798,0
2021-08-17,0.991190529930521,11.506288880269386,12.350763009669938,0.07078693839412752,-0.21376819935494842,9911.90529930521,0
2021-08-18,0.9996267838398208,11.031340731894412,11.502622717871605,0.07608034083992697,-0.397642124589082,9996.26783839821,0
2021-08-19,1.002054942471315,9.981837038005326,11.309500768566473,0.06462327859741636,-0.019626004559900025,10020.54942471315,0
2021-08-20,0.9998832957762596,4.765054440734262,10.99481254962741,0.08072067417907074,-0.5431655174288866,9998.832957762595,0
2021-08-23,0.9985544101811096,5.340189312675774,10.921365737439274,0.09420631182289213,-0.8394300486068369,9985.544101811096,0
2021-08-24,0.9969415909142196,8.879703329393163,10.689524569024911,0.07227574642777124,-0.312650248431458,9969.415909142197,0
2021-08-25,0.9977585997165732,10.330995279047972,11.084532169527712,0.05972359918298117,0.16333958499561269,9977.585997165732,0
2021-08-26,0.9980391748239876,8.038884453674308,10.970537073582754,0.06003337855847851,0.12472737649309618,9980.391748239876,0
2021-08-27,1.0010989400064283,10.457087980434695,11.115331701424967,0.06499964250196624,-0.10725859188060324,10010.989400064283,0
2021-08-30,1.0010619405136345,10.859718088564726,10.66512099379779,0.09437256400819154,-0.913802162170867,10010.619405136345,0
2021-08-31,0.9961552175997924,10.481187159116608,10.908996939356907,0.06552049481077682,-0.13630303286620096,9961.552175997924,0
2021-09-01,0.9977506435958412,7.9356945295051675,10.897443272029218,0.0925317615271442,-0.912024755561956,9977.506435958412,0
2021-09-02,1.0012112871013046,8.184870953140928,10.901436913697175,0.10239711649719944,-1.077023985678875,10012.112871013045,0
2021-09-03,0.996940525247344,9.630136032681866,9.631415885177947,0.07735148514851485,-0.5106259896483164,9969.40525247344,0
2021-09-07,0.9957506394509644,9.885394786134055,10.030871294538288,0.06431778129381649,-0.07738666354518037,9957.506394509644,0
2021-09-08,0.99706338989014,11.710051547211409,10.156123837889762,0.06880560352835136,-0.27367508331353474,9970.6338989014,0
2021-09-09,1.003620557368509,15.040475893899293,10.936520355028504,0.04920146029934168,0.7465369963309173,10036.20557368509,0
2021-09-10,0.9981566166979352,16.13571472093923,11.46595118494831,0.0671384260067407,-0.20154588153745948,9981.566166979352,0
2021-09-13,0.9997492712826086,15.195153156383606,10.234630360063179,0.06650660743144832,-0.130419948240226,9997.492712826086,0
2021-09-14,1.0046044853499978,13.616514692285458,11.044213020353887,0.05020483572977749,0.8925520283922659,10046.044853499978,0
2021-09-15,1.004577567640472,14.968896321995139,11.144338133428985,0.08374998953125132,-0.7304607436842327,10045.77567640472,0
2021-09-16,1.0023879375187148,13.62003409849316,11.245784545862653,0.07502494579447667,-0.44124906829155053,10023.879375187147,0
2021-09-17,1.0015068108696632,12.15502432835598,11.055095237764386,0.07255367157855024,-0.3554301940563074,10015.068108696632,0
2021-09-20,1.0051639796339429,14.420569135110267,11.945827731414633,0.06821096286595182,-0.19861051475353395,10051.639796339428,0
2021-09-21,1.0087032859260814,11.517332918773612,11.948019377122739,0.09964327706809623,-1.1316941840357364,10087.032859260813,0
2021-09-22,1.0118642047569892,11.799969441710017,11.719164223996342,0.04488773577283215,1.3441148811371666,10118.642047569892,0
2021-09-23,0.995870180142719,21.063836226684664,14.073442443073436,0.04192292051833499,1.598495932403002,9958.70180142719,0
2021-09-24,1.000723161822286,21.767420410889223,14.469463678619693,0.049495394453546095,0.8437170229724239,10007.23161822286,0
2021-09-27,0.9951142641611882,17.106738272687732,14.252294396079652,0.07427047822760931,-0.5168489302779432,9951.142641611881,0
2021-09-28,0.989983879366874,17.40708810486703,15.088692957475432,0.03757491498675484,2.0290330572661603,9899.83879366874,0
2021-09-29,1.0004266009587408,15.217317415615044,15.021131190876954,0.042427893794496255,1.4001560529159558,10004.266009587409,0
2021-09-30,0.9949059158461848,11.343199705510928,14.985242736101531,0.044311313564579305,1.1934939150414734,9949.059158461849,0
2021-10-01,0.9994103691430332,14.041005675310874,15.262454577044965,0.03823828570117545,1.806607248226591,9994.103691430331,0
2021-10-04,0.9960660592042352,13.971097805213924,14.994241381091205,0.03567911629964749,2.041992141247611,9960.660592042352,0
2021-10-05,0.994164028419856,10.42843307225126,15.080732746465268,0.04413218471967237,1.0335596533815279,9941.64028419856,0
2021-10-06,0.998407108027791,11.275524655615548,15.005811354876375,0.05348594656753938,0.33132699789760256,9984.07108027791,0
2021-10-07,0.9966346468652504,13.67718587245173,14.500851411083232,0.0673128702207862,-0.3698517686152802,9966.346468652504,0
2021-10-08,0.9930967528123316,10.48581759934061,14.405419816275675,0.057944813359756174,0.07445076283445722,9930.967528123316,0
2021-10-12,1.0009140769535303,17.52526268534766,14.853858167916073,0.05565232877169745,0.34048026351739996,10009.140769535303,0
2021-10-13,1.002775140259114,18.486668654251474,15.444929398186238,0.04240054951112167,1.5797973055898984,10027.75140259114,0
2021-10-14,0.9996900504179004,15.226550370039066,15.517437664158873,0.07724154977445469,-0.7195403927243292,9996.900504179004,0
2021-10-15,1.002003986306985,14.696788032938423,15.552749376377834,0.08466325191550608,-0.9388803284026616,10020.03986306985,0
2021-10-18,0.9991079374147952,13.37232491514414,14.878007558803386,0.08253617147714987,-0.8694563720093796,9991.079374147952,0
2021-10-19,0.9993268674732926,14.9377086393227,15.479405390746074,0.08226187244474059,-0.8704522417995363,9993.268674732926,0
2021-10-20,0.9945383957682652,12.322359525319253,15.23175252154904,0.07823195775474281,-0.7324220179884497,9945.383957682652,0
2021-10-21,0.995651254419638,10.899007567921155,13.351641628047409,0.07320644216691069,-0.5379702374965213,9956.51254419638,0
2021-10-22,1.0018025780821762,15.33449345076772,13.757432097299452,0.07278020378457059,-0.5318888675751986,10018.025780821763,0
2021-10-25,1.002248417814256,14.437777406119809,13.720104237865652,0.12288182454933091,-1.6956509082575977,10022.48417814256,0
2021-10-26,1.004722999025636,11.765048287112617,12.887574420050557,0.0731475385853266,-0.48911658518289236,10047.22999025636,0
2021-10-27,1.0057875973023822,13.348114920331945,14.347853140348713,0.04526463971610018,1.2816064523214947,10057.875973023822,0
2021-10-28,1.0095201993033691,14.251473971335916,14.436044080140872,0.05715069495245062,0.3047266028425697,10095.201993033692,0
2021-10-29,1.010378424093525,13.780374474766841,14.199475506864513,0.05239085674768039,0.6287989607995308,10103.784240935249,0
2021-11-01,1.0099245576063565,15.881342995661935,14.440567274777937,0.05544620332122758,0.41948186065774506,10099.245576063564,0
2021-11-02,1.0082749125853738,15.42659875698471,13.971388731923486,0.10166010958959813,-1.3141962795257742,10082.749125853737,0
2021-11-03,1.0014828112928331,10.136551299307829,14.45671395919488,0.048451020863009585,0.9484761902871639,10014.828112928331,0
2021-11-04,1.0066543870310043,13.704067422138438,14.261555500499249,0.0628046023212581,-0.04229754359792733,10066.543870310043,0
2021-11-05,1.0065946763870526,17.423499499827784,14.638640060920308,0.04648352159159578,1.1030672434978244,10065.946763870526,0
2021-11-08,1.0116125664567883,15.904969112868741,14.609329149920312,0.08275542461808372,-0.8417936322897654,10116.125664567884,0
2021-11-09,1.01828157897757,17.314652296318023,14.13962713906658,0.042679960051557386,1.4822946777629027,10182.815789775701,0
2021-11-10,1.0145968062522046,22.085825572627964,15.651790472260657,0.03549800146251766,2.297383224440284,10145.968062522046,0
2021-11-12,1.0133121025248355,17.657341041266758,15.57197187045929,0.07866582756450598,-0.6689107807367048,10133.121025248354,0
2021-11-15,1.009015658033935,18.960138590288256,16.205304914639495,0.06564824358124298,-0.20336722764852405,10090.15658033935,0
2021-11-16,1.007415561346806,11.546927273352347,15.404235622428136,0.07693077000007693,-0.6381628501258291,10074.155613468061,0
2021-11-17,1.0162559406344782,11.621612285522168,15.356665472044916,0.07022521225570404,-0.4030631288224188,10162.559406344782,0
2021-11-18,1.013240879686506,12.504721429909813,15.349403605200015,0.0904600799667107,-0.9842788067278112,10132.40879686506,0
2021-11-19,1.0132447412293573,14.68603046014301,15.313072882732387,0.0713159940379829,-0.4140641680015606,10132.447412293572,0
2021-11-22,1.0159199209967806,14.192156104744393,15.998194096339018,0.06550504388837941,-0.17872706479211814,10159.199209967806,0
2021-11-23,1.002478889987445,18.30581111125111,16.65767416507051,0.06528054313411888,-0.1854284429028971,10024.788899874451,0
2021-11-24,1.0151400180275547,21.393462506729357,16.36089714607401,0.07262322345439624,-0.4752296986427233,10151.400180275547,0
2021-11-26,1.0178220858918037,27.7500029035749,18.62549250963117,0.04983852318488099,0.6973710009612424,10178.220858918037,0
2021-11-29,1.0156625208164534,28.590035846565748,18.895947416526592,0.04304000137728005,1.2612404370826429,10156.625208164534,0
2021-11-30,1.0160915338656429,27.14372673675376,19.32527031655908,0.031765090800512055,2.6220793636568156,10160.915338656429,0
2021-12-01,1.024981633282521,19.963355475761034,19.366317531191598,0.03243962175401035,2.3403606231315495,10249.81633282521,0
2021-12-02,1.0310590411206286,20.333401176882944,18.825828625890033,0.05632470063421613,0.08466693084856058,10310.590411206287,0
2021-12-03,1.0249465150815495,14.573459186097804,18.912934673745262,0.029046884576394757,2.727886337450442,10249.465150815495,0
2021-12-06,1.0199812147911007,18.013759478716363,19.154588012328784,0.03233713402448568,2.0456167465910147,10199.812147911007,0
2021-12-07,1.0195013086197255,16.548472363330596,19.4074355415631,0.04521633756708974,0.6566199535967915,10195.013086197256,0
2021-12-08,1.0055425911551443,18.82049534388409,19.851188178649224,0.029731907391054857,2.2975384442317095,10055.425911551443,0
2021-12-09,1.0132344366893196,19.973736141482313,18.833085504242245,0.056996620100428046,-0.09834772918103132,10132.344366893196,0
2021-12-10,1.0101361411950982,14.457543642999187,18.848733050953882,0.06993642778714149,-0.5856261846817684,10101.361411950982,0
2021-12-13,1.0185377140051093,19.581230271703333,19.41882441247589,0.05598947397889197,-0.06418426576820782,10185.377140051092,0
2021-12-14,1.0172540112765194,18.772721054992214,18.77535711104103,0.07134957725375476,-0.6382363505800905,10172.540112765193,0
2021-12-15,1.0118777961334604,14.779051251122405,19.1612786162957,0.039395049618064996,1.029876156344747,10118.777961334605,0
2021-12-16,1.014423031967772,14.254884126902386,19.01421760686932,0.05353920944003341,0.03076947193079517,10144.230319677721,0
2021-12-17,1.021268678079418,15.938217158444667,19.33865531793829,0.05526846657639484,-0.04310440838964469,10212.68678079418,0
2021-12-20,1.0166859368140202,13.06261118872238,19.28350322628459,0.05831821919485867,-0.1789076720528819,10166.859368140202,0
2021-12-21,1.0195822497304323,13.158274639481476,18.809053077589684,0.060247496716511424,-0.271216819566983,10195.822497304323,0
2021-12-22,1.0183019013723216,11.651277946242601,17.923346600830463,0.08160667216151592,-0.9023763251517997,10183.019013723215,0
2021-12-23,1.0183727203640285,13.574468308074787,17.493502055880786,0.08589220528237063,-0.963648792017159,10183.727203640285,0
2021-12-27,1.0144326657949956,9.384033992832267,14.939859135632148,0.12784780996701525,-1.487939356245399,10144.326657949956,0
2021-12-28,1.0134846969143985,8.515900198389845,14.731795246399448,0.10899657750746626,-1.2423177769889766,10134.846969143984,0
2021-12-29,1.0125081278847212,10.739829260390078,14.013325994952908,0.08495310588555118,-0.8235129183089785,10125.081278847212,0
2021-12-30,1.0187599351366958,12.65058837047994,14.195118875959837,0.09657170449058426,-1.006619269865323,10187.599351366958,0
2021-12-31,1.01212713683702,11.617181183405917,14.214902687791497,0.0746140587809555,-0.5261012566236377,10121.271368370199,0
2022-01-03,0.99739070259456,21.130068710166462,15.850992615074283,0.029533023827243626,2.419085039275276,9973.9070259456,0
2022-01-04,1.0083229564260872,21.117745669529654,15.368550079039847,0.04546198468840356,0.6858327516330237,10083.229564260871,0
2022-01-05,1.0044248286901944,20.698841074263246,15.275769805778852,0.04782011983722031,0.5044619941257522,10044.248286901944,0
2022-01-06,1.0096134721453296,18.624575555291862,14.350596769011837,0.05264155313638374,0.22096830128405517,10096.134721453296,0
2022-01-07,1.00391667524552,17.155875965222965,14.211202676392839,0.053313998123347264,0.1989444971134463,10039.1667524552,0
2022-01-10,1.0088466141834955,7.260539809751503,14.310583953187313,0.07259106549165928,-0.5388335152331418,10088.466141834955,0
2022-01-11,1.0134006192141158,9.327332964859798,13.299003981926177,0.04100259546429289,0.9956843383411291,10134.006192141158,0
2022-01-12,1.005687007186506,8.816278890767714,13.307921520415904,0.06924920017173802,-0.47782604332028045,10056.87007186506,0
2022-01-13,1.012903128409726,10.821537503789314,13.61641328477953,0.06593696426216537,-0.37965823251093006,10129.03128409726,0
2022-01-14,1.0086815382227694,15.310484435202772,14.404574925513211,0.04348298728122622,0.7584917344346345,10086.815382227694,0
2022-01-18,1.0013131425631223,17.80579191700816,14.01599172763707,0.0472328627365776,0.4693942817694337,10013.131425631223,0
2022-01-19,1.0011132217819918,17.900826825333887,14.4196240515072,0.05577089317085413,-0.023265517974761767,10011.132217819919,0
2022-01-20,1.0116925699829007,19.12898664406444,14.769077561920538,0.07163836951070994,-0.6407153845324683,10116.925699829007,0
2022-01-21,1.0126208801873495,20.245850872291804,15.44097642459477,0.03458221229328483,1.5619305751123425,10126.208801873496,0
2022-01-24,1.004838256582408,17.60342359702625,15.415598814477008,0.03999744016382952,0.9658020087068221,10048.38256582408,0
2022-01-25,1.0103768029094204,12.59583204158779,15.32692026110348,0.06410667350471184,-0.4226608059244576,10103.768029094204,0
2022-01-26,1.0000145126621878,15.738967441740016,15.714920490515635,0.04227346705840079,0.7549685193766644,10000.145126621877,0
2022-01-27,1.0154677375372347,20.71944464102815,17.05095599626377,0.046507734236203475,0.42853850562600887,10154.677375372348,0
2022-01-28,1.0073695856723348,18.642257131191574,16.68746086515478,0.0779635910030016,-0.8616811379186137,10073.695856723349,0
2022-01-31,1.0092606739908243,17.976315550278134,16.67845450724729,0.07143673562692879,-0.6694212759365142,10092.606739908244,0
2022-02-01,1.0078544935638498,18.111034895032816,14.020121655093371,0.048062827728406574,0.32490871076252364,10078.544935638498,0
2022-02-02,1.0093736499141208,14.838877763770824,14.035889208111001,0.05433424252632494,-0.022561600962833193,10093.736499141209,0
2022-02-03,1.0041837107629246,7.042396905580353,14.173148834753846,0.05802449794303154,-0.21021584212713815,10041.837107629246,0
2022-02-04,1.0059832815020766,10.487457614230836,14.978553600560835,0.04235529314098383,0.7405317831452645,10059.832815020765,0
2022-02-07,1.0037728804470054,11.387936395603601,14.8347534137029,0.07714620749243967,-0.8197160542029388,10037.728804470054,0
2022-02-08,1.0008527692831848,11.443573246180344,14.905943657123832,0.061465837287635536,-0.3589043214661293,10008.527692831847,0
2022-02-09,1.0046175728158515,10.775568830521811,14.654597117521018,0.06969078200026482,-0.6648290197631014,10046.175728158516,0
2022-02-10,0.9918384204316912,13.198029611625643,15.488093668795141,0.0323664398858112,1.8324141946336687,9918.384204316912,0
2022-02-11,0.9985111019966962,18.02408587469877,16.186265770458387,0.02314263034507976,3.2956405291129838,9985.111019966962,0
2022-02-14,0.9909924313044364,19.578298823656457,15.925580483038097,0.04318274072218816,0.5049401390556997,9909.924313044363,0
2022-02-15,0.9943938356064892,20.299536229511528,15.676499860206663,0.05494958375690304,-0.20063416986079632,9943.938356064891,0
2022-02-16,0.995709054673452,21.29156337336193,15.607210767988944,0.06070281721774707,-0.44963880548795254,9957.09054673452,0
2022-02-17,0.9982776086518088,19.28188309825338,15.699520041928697,0.040802670126733095,0.6581980269147332,9982.776086518088,0
2022-02-18,0.99822140763928,17.47911141358638,15.5474630339067,0.05706915640373004,-0.3296648326370182,9982.2140763928,0
2022-02-22,1.0051798509105383,13.541956961570895,15.42917554847712,0.05119279205487868,-0.06015330054646018,10051.798509105383,0
2022-02-23,0.9949241390341806,15.177933421621088,16.058110170854736,0.056313282050704475,-0.3063385159989408,9949.241390341806,0
2022-02-24,0.9944918216271416,14.896203904321013,15.612717843376386,0.03552347391156076,1.1437351709667245,9944.918216271415,0
2022-02-25,0.9994460727815092,13.93884239137407,13.830849519508115,0.0665539686131484,-0.6726033241037367,9994.460727815092,0
2022-02-28,1.0008095728119502,20.215549605686412,16.24763899922319,0.038733117202539344,0.8966899824270751,10008.095728119502,0
2022-03-01,1.0028024179859123,21.239571375168996,16.759919485595233,0.02803916510581981,2.188611895649113,10028.024179859123,0
2022-03-02,0.9788520449306026,33.519470094259596,20.65161479953349,0.03289755044839361,1.4896160770918128,9788.520449306026,0
2022-03-03,0.9990077620512876,34.28636578624212,21.013249276135287,0.04842826079587004,0.13668741147350083,9990.077620512877,0
2022-03-04,1.0034935915316805,35.86067779585901,21.86639902455823,0.03868008091872928,0.8754157994304222,10034.935915316804,1
2022-03-07,1.003926229786409,33.303931284513574,21.37689959060218,0.042174696025878394,0.6105054429410179,10039.26229786409,0
2022-03-08,1.0012022196912058,31.85154853912075,21.68350385373709,0.035296650700815,1.253807613899083,10012.022196912058,1
2022-03-09,0.9972582489357156,20.348158082843423,21.83229745953313,0.05313722156095902,-0.1528574650357709,9972.582489357155,1
2022-03-10,0.9963168659427004,20.063168042567547,22.354739233813905,0.037217749889277195,1.0036812921938434,9963.168659427005,1
2022-03-11,0.9994957373546692,10.543718189681304,21.722457887449192,0.06416920135012,-0.6525386859946382,9994.957373546693,1
2022-03-14,0.990765757208027,15.306032788678653,22.40511783392838,0.041008816895632565,0.6420631030998144,9907.65757208027,1
2022-03-15,0.9925139870883686,16.653702984273995,22.078517410332957,0.05708153526497249,-0.3637743900991045,9925.139870883686,1
2022-03-16,1.0050262266929366,21.351182957845495,22.129756008166428,0.038673199859229554,0.8370806055203325,10050.262266929367,1
2022-03-17,1.004060342535836,20.01605842743674,22.112257347731273,0.05173145168799727,-0.12161834330015264,10040.60342535836,1
2022-03-18,1.0020852605759358,22.825021093705914,22.425684705065667,0.01789174421246804,4.261776684997638,10020.852605759359,1
2022-03-21,1.0024779870277891,22.71244876314859,23.284812071214187,0.03828190797029324,0.6202675902069049,10024.779870277891,1
2022-03-22,0.9924512567442644,23.939401414096878,23.45599479971545,0.045806631884164194,0.07579467217823062,9924.512567442644,1
2022-03-23,1.0113256893198697,29.35798693652464,24.772765291911753,0.04702319654285459,-0.022290062064239884,10113.256893198697,1
2022-03-24,0.9903403838223336,29.404639127078607,24.846622908015462,0.05833761142483782,-0.5721002182360786,9903.403838223336,1
2022-03-25,0.997378152464774,27.250473239677277,25.159113818015825,0.03893398742432207,0.5063487844914168,9973.78152464774,1
2022-03-28,1.0056611609349295,24.695469784963745,23.821825161358298,0.056632196536374864,-0.5671324004759353,10056.611609349295,1
2022-03-29,1.0067123613819369,22.60384379643663,23.52467214896559,0.05176063810514656,-0.3631575903025022,10067.123613819369,1
2022-03-30,1.004750005274416,16.722037232111028,20.900281163903916,0.06131132665448615,-0.7404192234956294,10047.50005274416,0
2022-03-31,0.9956002394718044,15.0247003483785,20.494005322682575,0.050248731219536706,-0.24538583833247363,9956.002394718043,0
2022-04-01,1.0049506222450215,4.327072926992457,19.33500435206124,0.04257185064091921,0.23826541405032528,10049.506222450214,0
2022-04-04,1.005003169947917,9.51567244318837,19.313648268624032,0.0734759256129729,-1.0869551835016193,10050.03169947917,0
2022-04-05,0.9925569758948352,19.310648996276953,20.427463965350025,0.0396874218653882,0.46420780618146934,9925.569758948352,0
2022-04-06,0.9990393144928176,16.789244100472214,20.364654157461203,0.043569187870338096,0.1417315500935064,9990.393144928175,0
2022-04-07,1.0049237003017248,14.91928986186776,20.01078129328876,0.042627926407147854,0.21311109164825012,10049.237003017248,0
2022-04-08,1.0076524574350287,10.38227745749212,20.05669366237296,0.037231190802406625,0.6524915384938454,10076.524574350287,0
2022-04-11,1.003738999330407,9.998017252698006,19.23545699753691,0.033310349192390586,1.050560208708791,10037.389993304068,0
2022-04-12,0.992236663853717,8.347098534214727,19.239627192410534,0.0432447392774669,0.10547644381423665,9922.36663853717,0
2022-04-13,0.9910540842447378,11.380393202765445,18.73303715557325,0.0581750487216033,-0.6956752814311455,9910.540842447379,0
2022-04-14,0.990806652676328,14.880943380247203,19.590080386954796,0.02917620971859546,1.568918324001579,9908.06652676328,0
2022-04-18,0.9913420197632998,15.059497828443149,18.601631277005623,0.05323594704087988,-0.5212847763296332,9913.420197632999,0
2022-04-19,0.999035132178548,13.41721100947101,17.37435320936939,0.038443351798956645,0.4643233666553758,9990.35132178548,0
2022-04-20,1.0003872721233993,23.417097158897395,19.085525117766394,0.03182362076427608,1.1714048744529295,10003.872721233993,0
2022-04-21,0.9995355122390998,23.333255245246693,16.776027471689986,0.042875763188584756,0.06700929385737808,9995.355122390998,0
2022-04-22,0.9921731388291376,18.998854564740544,16.73978877612497,0.05057299199935267,-0.4041200479140316,9921.731388291377,0
2022-04-25,0.9858606106418144,20.07266623956329,17.024124983256527,0.03934080546365106,0.3498141467293851,9858.606106418145,0
2022-04-26,0.997095525099272,18.788025814598935,17.1668466790417,0.03713151611693457,0.5294451907462209,9970.95525099272,0
2022-04-27,0.9888072610053028,16.8728080508933,17.063882196577477,0.06867896020054255,-1.167150784451485,9888.072610053028,0
2022-04-28,0.99700504281333,16.003111475844122,16.63649829588493,0.05919786887672043,-0.834122160768811,9970.0504281333,0
2022-04-29,0.9849435438931358,18.320930200440717,16.73120605907853,0.0382359463779088,0.41222793331009233,9849.435438931358,0
2022-05-02,0.9901893032319944,18.400253153702316,16.956109142673657,0.03420686258077095,0.8058951081532386,9901.893032319944,0
2022-05-03,0.9878904010234064,16.59844652211578,17.53470192084345,0.047043990835830586,-0.2787614009838486,9878.904010234064,0
2022-05-04,0.9953486881583724,17.604069454057523,16.665522158349095,0.03909961408680896,0.28716656866389734,9953.486881583724,0
2022-05-05,0.9888128735795416,23.57308103478172,18.61241012327894,0.02066777583730327,3.1126585635642576,9888.128735795417,0
2022-05-06,0.987133245442238,23.788120536762307,18.92480300633644,0.03049663774568854,1.0827332832250836,9871.33245442238,0
2022-05-09,0.98889090552624,25.499572916895197,19.42300329774785,0.03735106263773204,0.3212508519480285,9888.9090552624,0
2022-05-10,0.9824939370596808,26.174352318022493,19.456156922559238,0.029725809136524697,1.2774789807100808,9824.939370596809,0
2022-05-11,0.9978462790537134,30.678278238130225,20.997334116976248,0.029262354566097805,1.3049531213219014,9978.462790537134,0
2022-05-12,0.980209162635607,20.503942346795036,20.94557356668425,0.037870611269536496,0.2609046939297987,9802.09162635607,0
2022-05-13,0.9853819642330712,20.5303391601001,20.424622429497443,0.04811694341928623,-0.49982827845454897,9853.819642330713,0
2022-05-16,0.9781289971920404,20.297852890361156,20.392651684198075,0.09049282391906321,-1.7270556004229671,9781.289971920403,0
2022-05-17,0.9783120873661416,21.275014628244847,20.63082458549085,0.06648582522206266,-1.1943492994982452,9783.120873661415,0
2022-05-18,0.9819629495180966,22.578953231726373,20.80306391635055,0.046866285799984066,-0.3823104869970934,9819.629495180967,0
2022-05-19,0.9832358163710384,22.759866938230022,20.745307976730608,0.045584045584045586,-0.3150490275691006,9832.358163710383,0
2022-05-20,0.9830595897038406,20.07645180188819,21.1275918651991,0.043896422002642564,-0.19350543617408658,9830.595897038405,0
2022-05-23,0.981392228798264,25.06534111335452,21.47585454133674,0.06279355989249742,-1.0953862982731588,9813.922287982641,1
2022-05-24,0.9854388907731936,24.53002527427715,22.435283972355144,0.042756603757450336,-0.11095631984245155,9854.388907731936,1
2022-05-25,0.9880641334764304,21.331837775578794,22.078821471451697,0.06939240014433619,-1.2502281861526323,9880.641334764305,1
2022-05-26,0.989484739169538,22.245995754682426,22.111897133521182,0.06705603873156797,-1.14413627437427,9894.84739169538,1
2022-05-27,0.9873740967595872,20.953238341211915,21.654195323596532,0.08936231055190164,-1.57951822938318,9873.740967595872,1
2022-05-31,0.9831267057214532,23.53566193724769,22.09918348059631,0.03521908028893734,0.6273847020507249,9831.267057214533,1
2022-06-01,0.9895452541440798,16.026741238879023,21.948685811931114,0.06433019401986517,-0.9958435689923086,9895.452541440798,1
2022-06-02,0.9888311005487656,15.09900035138321,21.836593074884266,0.1017087062652563,-1.6493545931670432,9888.311005487656,1
2022-06-03,0.9932562066683208,15.217394211906349,19.471242473290545,0.06522987006209884,-0.9514194433093914,9932.562066683207,0
2022-06-06,0.9840778517846376,16.55320676855567,19.894545475044836,0.04804135399752107,-0.2591672887312923,9840.778517846376,0
2022-06-07,0.9845582054525168,16.673314799684842,20.02081034524605,0.07003438688396002,-1.0652276894509145,9845.582054525168,0
2022-06-08,0.9842611572298844,17.287707985735842,19.997930731049042,0.08713761643763995,-1.3636583557402633,9842.611572298843,0
2022-06-09,0.990869139295794,17.819882275275823,18.659368732393965,0.06440269718495811,-0.8632544557597615,9908.69139295794,0
2022-06-10,0.9906773618377126,17.92076482852539,18.739096116053897,0.04562647430545099,-0.07904352846704024,9906.773618377127,0
2022-06-13,1.0056492329883815,25.356419619009547,21.07420136431215,0.02705020247076549,1.6763373415533298,10056.492329883815,0
2022-06-14,0.9925184308597568,20.248027346506692,21.374787762013256,0.04573331077156669,-0.059317025640637025,9925.184308597567,0
2022-06-15,1.0049793120449135,29.50933975257518,22.39508153329633,0.03967813100131731,0.40586994494139766,10049.793120449136,1
2022-06-16,1.0050454334611454,30.55506460981402,21.056884223190227,0.03836223928063129,0.5148893065356394,10050.454334611453,0
2022-06-17,0.995728307519524,30.99639868931185,21.082302682532827,0.04626566671139014,-0.10255353945157966,9957.28307519524,0
2022-06-21,0.991297560949082,23.383700008069454,21.090136919550435,0.05661295983876629,-0.6514086365530046,9912.975609490819,0
2022-06-22,0.9965396368386452,26.79027700158726,23.16838383689876,0.04218732861397751,0.19063504623336744,9965.396368386451,1
2022-06-23,0.998899618162164,25.168129750020242,22.120844703160607,0.0483811661796296,-0.2383330366897431,9988.99618162164,1
2022-06-24,0.990293963893726,28.616859149432944,22.40252762088604,0.05506213762230677,-0.5840728911072324,9902.93963893726,1
2022-06-27,0.9906620211293748,29.40951593277591,22.489910630389776,0.08296689620841284,-1.4077300249620561,9906.620211293748,1
2022-06-28,0.9964400996004878,25.658317249285716,22.573819407103638,0.0729575532954927,-1.1537681823040122,9964.400996004879,1
2022-06-29,0.9976640994461828,19.274711994910845,22.38413235072993,0.07736704473362527,-1.220454186567362,9976.640994461828,1
2022-06-30,0.9871912159148276,19.408066389847352,22.65040314826511,0.03875653532076847,0.4863166262186942,9871.912159148276,1
2022-07-01,0.9970807663977028,14.440952332715055,22.96986630477195,0.04574816549856351,-0.040707099300450425,9970.807663977028,1
2022-07-05,0.9952373474837396,6.3759068026337085,23.119785239279608,0.059917194437287664,-0.7249491588786895,9952.373474837395,1
2022-07-06,0.996367847037942,20.040379350844965,22.94702909532677,0.04949172003523811,-0.24247941077960106,9963.67847037942,1
2022-07-07,0.9944438205071374,19.49561511502601,22.84410694314052,0.07640586797066014,-1.163651099190939,9944.438205071374,1
2022-07-08,0.9984111794946858,19.1224955717664,22.96620141375175,0.06527415143603132,-0.8355099893126444,9984.111794946859,1
2022-07-11,0.9993560118334514,22.65141534679911,23.790885675650628,0.07331432048622058,-1.0312655607603696,9993.560118334513,1
2022-07-12,0.9919700702695592,22.144705922557716,23.748731029197284,0.053916203436618806,-0.37992878885816533,9919.700702695593,1
2022-07-13,1.0025078377650654,19.773382826025536,20.727484182599394,0.048555946161166895,-0.07783187147759482,10025.078377650654,0
2022-07-14,0.9931340899150992,19.536854737860367,20.340917983456656,0.06383657835939995,-0.744125138318188,9931.340899150991,0
2022-07-15,0.9990970255855656,14.976604580356256,19.5342690771676,0.062411843271379185,-0.672483014230945,9990.970255855656,0
2022-07-18,0.9939098496511996,15.259066450543946,19.940098147509612,0.06313808931514114,-0.6715704058742603,9939.098496511995,0
2022-07-19,0.993592694593614,15.01592893826961,20.080700790225116,0.1077957916522939,-1.5191498736026907,9935.92694593614,0
2022-07-20,1.000574124655829,11.036774285215555,18.90675231659425,0.10968159433165521,-1.487590411169992,10005.741246558291,0
2022-07-21,1.0015818541305697,16.945492646931953,17.373952744605763,0.06777409538526184,-0.7118504768406297,10015.818541305696,0
2022-07-22,1.003426701598087,20.05248667622412,18.060578287565743,0.05644838077819738,-0.2986209700912725,10034.26701598087,0
2022-07-25,0.9995077773284394,19.764858022659435,17.63926245976258,0.04021215935274508,0.6387045689992537,9995.077773284394,0
2022-07-26,0.997541984262161,18.288600407392124,17.1880029483723,0.07387706855791963,-0.8714520607107306,9975.41984262161,0
2022-07-27,0.9845822289641776,19.974494731362057,17.420224538933464,0.0635905784199013,-0.5573074587817257,9845.822289641776,0
2022-07-28,0.9933922042981193,16.899726006922204,16.842096386594065,0.06010373905360653,-0.41188772199864654,9933.922042981192,0
2022-07-29,0.9792968237820832,10.678774759099491,16.706569566716205,0.06003878505514563,-0.3986506176080372,9792.96823782083,0
2022-08-01,0.998785631734632,18.835247011038568,18.335638399282562,0.05563406139775016,-0.20377452003665258,9987.856317346319,0
2022-08-02,0.9875504004047522,26.66707379869491,19.9193220213718,0.05587747187966228,-0.16962257152611457,9875.504004047521,0
2022-08-03,1.0030074928265165,27.86025900147407,19.51866814015864,0.05976857607344363,-0.3261780424686396,10030.074928265165,0
2022-08-04,1.0005858559123055,27.88644871775052,19.117621154030886,0.09088430428065074,-1.2374724268089048,10005.858559123055,0
2022-08-05,0.9891815486263332,34.01371145709357,20.78174250901414,0.051302309116933356,0.22904219260436556,9891.815486263333,0
2022-08-08,1.001928370401375,30.606693359765146,20.67718962720992,0.057220349845218954,-0.08375197850616277,10019.283704013751,0
2022-08-09,0.999389096848723,26.172503550517572,20.713693098156778,0.12160716022959432,-1.7761638694577149,9993.89096848723,0
2022-08-10,0.9967856122128204,22.69040495281402,20.53358420135032,0.06818817207967107,-0.5387319091900983,9967.856122128203,0
2022-08-11,0.9881476743552152,26.152522062126078,22.02712305316551,0.04839380946389338,0.5720116712815518,9881.476743552152,1
2022-08-12,0.9960452496675324,24.507803291351696,22.24524752074192,0.08211259278722985,-1.0339000510665528,9960.452496675323,1
2022-08-15,0.9856117179205536,19.199094887291338,21.911809462392952,0.11071990079496888,-1.5650716635541992,9856.117179205536,1
2022-08-16,0.9956130927378338,20.28291378086001,21.8385886276936,0.09036688957166095,-1.145627734571715,9956.130927378339,1
2022-08-17,0.9921392923569912,20.858560888757683,22.18993941857243,0.07076489778010515,-0.5535281891524281,9921.392923569912,1
2022-08-18,0.989861123012908,11.984801507880734,21.270053356552168,0.09312547726807101,-1.1581806369909673,9898.61123012908,0
2022-08-19,0.98716007158987,13.602828679194984,20.910891936231778,0.06123361235449362,-0.10451672100207873,9871.6007158987,0
2022-08-22,0.9909047669713296,13.311949081918739,20.72551125237967,0.0956278927437555,-1.1782746275631815,9909.047669713296,0
2022-08-23,0.9851522893960674,10.703658052463059,20.738710240839723,0.056138144746592414,0.174263364030461,9851.522893960673,0
2022-08-24,0.9914243042279436,10.252621824189845,20.784658856737817,0.07157376392109709,-0.5496995793571604,9914.243042279435,0
2022-08-25,0.9928487019186316,17.4133541577593,21.277562378412508,0.046664209018325034,0.8930863510154013,9928.487019186316,0
2022-08-26,0.995609358736485,14.648184494354489,21.540327899884005,0.053292404766472685,0.36804809999362,9956.09358736485,1
2022-08-29,0.9964918512605871,15.939939177154717,19.40564260045856,0.07003634886506097,-0.518634045232445,9964.918512605871,0
2022-08-30,0.996206061468654,15.168681901636086,18.266654872264244,0.0697029261288389,-0.5014052564959677,9962.06061468654,0
2022-08-31,0.9910088832159588,16.06325425500597,17.20120301826853,0.0734025764304327,-0.6202700933066306,9910.088832159588,0
2022-09-01,0.99080456284326,16.297173315982096,17.973992101234398,0.04446341550172518,1.0788761469314598,9908.045628432601,0
2022-09-02,0.9933258815046992,15.399216680458084,16.679305836601237,0.07677896870489236,-0.7666974163187106,9933.258815046993,0
2022-09-06,0.990426675200954,20.73236162978239,16.90379588443629,0.04057042010670021,1.444307017976052,9904.26675200954,0
2022-09-07,0.997289084825406,26.65723993859168,18.400923737531116,0.058650682400689734,0.004323001617030408,9972.890848254061,0
2022-09-08,0.9854701116932368,26.716510556944336,18.525230399826402,0.0681598211486293,-0.443046838897728,9854.701116932369,0
2022-09-09,0.996855692579401,24.848353126148574,17.131179851035792,0.07980973359510926,-0.8907497697407086,9968.55692579401,0
2022-09-12,0.9996010778769412,23.99886996858459,16.554839484202443,0.0675360811513551,-0.3524631391384265,9996.010778769412,0
2022-09-13,0.999001070979742,16.50673564726931,16.66029298070474,0.04512859392839897,1.4068148052877187,9990.01070979742,0
2022-09-14,0.995366702531159,10.436130814785347,16.619219397394808,0.07646546055146891,-0.732738882008864,9953.66702531159,0
2022-09-15,0.9993152673534896,7.527496730366802,16.428528998926662,0.09746398705678253,-1.3610875574792178,9993.152673534896,0
2022-09-16,0.996577312083788,8.997007449048631,16.453101257013866,0.05289941704842412,0.726875707634982,9965.77312083788,0
2022-09-19,0.9977396604949044,7.630446864602612,15.850120880505733,0.09021688138284435,-1.137269504367227,9977.396604949045,0
2022-09-20,1.0004480360470709,9.779435064822389,16.073098805217896,0.04966772293357438,1.0504339726196679,10004.480360470709,0
2022-09-21,1.000426142233936,16.938339895802958,17.45345926669102,0.0432284754613559,1.6993275516484228,10004.26142233936,0
2022-09-22,1.0046708043665835,24.911287084841128,19.33572213213654,0.03444641171729141,2.828483646927155,10046.708043665834,0
2022-09-23,1.0005676879896193,25.404493688092884,18.519327424675037,0.043398633811007635,1.4479397009670587,10005.676879896193,0
2022-09-26,1.0057345520530283,27.338064442083486,18.908114236752727,0.039833337316667064,1.9096774173418065,10057.345520530283,0
2022-09-27,1.0031112260647517,30.79751317391714,20.42506363094983,0.028893800835030844,3.537868082361244,10031.112260647516,0
2022-09-28,1.009498600932652,40.67058974283728,24.540431348907337,0.025456239451570776,3.7982670105065646,10094.986009326522,1
2022-09-29,1.0043524075024195,37.13567983808353,24.45185281480305,0.052281840948183465,0.36991345796116953,10043.524075024196,1
2022-09-30,1.006367515171341,37.165531157723045,24.091576497962564,0.03775622316948391,1.5588544953782206,10063.675151713409,1
2022-10-03,1.0134318592806395,37.69499806756797,24.855522423768704,0.03677525172659807,1.6083453976709672,10134.318592806396,1
2022-10-04,0.9938029215387416,29.830263786895177,23.45787260889696,0.07252315301660056,-0.5889557660595107,9938.029215387416,1
2022-10-05,1.0060875334646442,17.798571372864032,22.668472221862352,0.04872795669059209,0.5085077006112696,10060.875334646442,1
2022-10-06,1.0054385476610297,17.831264833916315,22.52758155638186,0.07160400123158883,-0.5460445418791031,10054.385476610298,1
2022-10-07,1.0034228612157552,16.824786847700665,22.5811747302453,0.0675000675000675,-0.40450893732350185,10034.228612157553,1
2022-10-11,1.0019165707722906,11.75608924716459,23.025145917031903,0.03007817317207422,2.4286652006227576,10019.165707722907,1
2022-10-12,1.0064657257753822,14.158715466838629,23.090067361553253,0.046625263432738394,0.5755084054301551,10064.657257753823,1
2022-10-13,1.0117646047887914,14.660898796856989,23.16260728320301,0.0330114714863415,1.8779418676486725,10117.646047887914,1
2022-10-14,1.0004113095861178,14.406370731467186,23.160467955018746,0.05339541440181117,0.08242687688370072,10004.113095861177,1
2022-10-17,1.0046531641483725,10.978027672918198,23.04381620708994,0.05271509074902872,0.11658583268320498,10046.531641483725,1
2022-10-18,1.005840245414945,10.202583091161042,23.05425772264608,0.0590615125653368,-0.17996547960620493,10058.402454149451,1
2022-10-19,1.0075996496023203,11.854382893564166,22.276948888968697,0.039321159502351405,1.1091112634548164,10075.996496023203,1
2022-10-20,1.0046077894485028,13.663599101052146,21.449526017670006,0.039316057857510744,1.075119350356946,10046.077894485028,1
2022-10-21,0.9962323537296994,14.931387353506716,21.64533418442231,0.02160746581158722,3.6831806369347393,9962.323537296994,1
2022-10-24,1.0006316185186213,14.206008685650474,21.11540550550359,0.03191564057882206,1.6013822583907165,10006.316185186213,0
2022-10-25,1.0090451077803932,32.274081305201484,22.96543475218809,0.032037830269982796,1.525352242897125,10090.451077803933,1
2022-10-26,1.013177581113642,33.11272992719505,19.744314108657438,0.040251329300150136,0.6851686090055363,10131.77581113642,0
2022-10-27,1.0112478788565151,29.744548748076905,20.36294063946893,0.0493339911198816,0.08909724698078429,10112.478788565151,0
2022-10-28,1.0132150093772538,24.827001936909994,20.081654698652766,0.04495574107291372,0.3223798729341952,10132.150093772538,0
2022-10-31,1.0217314795668593,24.373659525972634,18.891943452717626,0.04174197614863483,0.534155399696403,10217.314795668593,0
2022-11-01,1.0140164591275964,16.28234026832009,19.459578381144333,0.05686632433139419,-0.2928554183346595,10140.164591275965,0
2022-11-02,1.014068299964782,14.051788410611424,19.320300162919615,0.03998320705303773,0.6448805368648776,10140.68299964782,0
2022-11-03,1.0102222377666688,10.995694003160905,19.31746529502839,0.03436721367815104,1.144308707594562,10102.222377666687,0
2022-11-04,1.004313501558406,14.850777880675349,19.806278217546396,0.042442299693566596,0.4121614405826818,10043.13501558406,0
2022-11-07,1.007018051810608,15.256466997584853,19.44368223783742,0.06885724515933567,-0.7790342331184722,10070.18051810608,0
2022-11-08,1.004261030777703,16.23684589346305,19.90469733958694,0.04911446617486715,-0.037245810225375896,10042.61030777703,0
2022-11-09,1.0214346270789076,17.33243638701243,19.831175896675948,0.0639488409272582,-0.6877358057743106,10214.346270789076,0
2022-11-10,1.0023265529304417,34.21377364499604,24.436273985160774,0.022035702244776988,3.022890410512505,10023.265529304417,1
2022-11-14,1.004078325479481,27.450892847584086,24.245554145421913,0.0727743775971356,-0.9500630212100275,10040.78325479481,1
2022-11-15,1.0064362900806667,27.89477925231993,24.910695731041343,0.03758239941070798,0.6458954208594098,10064.362900806667,1
2022-11-16,0.9971926407860509,28.04313250188218,24.938355435776057,0.03507824201882299,0.861741408736196,9971.926407860508,1
2022-11-17,0.9952295262927736,22.158755540426014,24.350812051976554,0.040768236651460114,0.3362690411215456,9952.295262927737,1
2022-11-18,0.9919379489578988,22.986058942015283,23.37460755095439,0.06692858051173592,-0.8716405490868498,9919.379489578987,1
2022-11-21,1.0003341056907171,22.352763174018815,22.95127207594827,0.06437491953135059,-0.7861963744801017,10003.341056907171,1
2022-11-22,0.998769034460844,21.761086868513747,21.360213213944906,0.05523915793427645,-0.4715772453271,9987.69034460844,0
2022-11-23,1.0036047574583489,19.67083615367305,21.592251798312816,0.04303926041334906,0.16463538572337008,10036.047574583488,1
2022-11-25,0.996812439880197,16.861842177319613,21.5693098263572,0.10541740019607637,-1.5729505270019415,9968.12439880197,1
2022-11-28,1.0024400848341417,13.608090375097289,21.25748891334927,0.06866622720281257,-0.9055868214753043,10024.400848341416,0
2022-11-29,0.9998482698717568,19.243281838140643,21.619333962413084,0.06032672956733669,-0.6638538583150497,9998.482698717567,1
2022-11-30,1.0092738689182223,17.461740810708484,21.555475409507448,0.046335552806312755,-0.022551327760195188,10092.738689182224,1
2022-12-01,1.0179754762436426,26.15365088411576,23.645818005476297,0.018812268609096107,3.4871940757294935,10179.754762436425,1
2022-12-02,1.018474048583536,25.21203348735292,23.468355034221773,0.04085050756755653,0.2227369275733489,10184.74048583536,1
2022-12-05,1.009449689150648,30.012612034687375,23.13011154099446,0.049603912756638245,-0.28695078566689863,10094.49689150648,1
2022-12-06,1.0052801385139885,26.081773973604232,22.458262158570516,0.0459675009768094,-0.1174610554265925,10052.801385139885,1
2022-12-07,1.0151583710738186,27.487608327188344,23.181757026063103,0.03273676043566081,0.8799157165507857,10151.583710738185,1
2022-12-08,1.0219828065053205,23.47397472724203,23.43155401188107,0.07475350033265307,-1.0989704724487064,10219.828065053205,1
2022-12-09,1.0094170630401171,31.685006880933635,23.271501885141188,0.038651525575714475,0.31674822030065874,10094.170630401171,1
2022-12-12,1.021141073126928,29.61220497298388,23.091475570494495,0.05918175308188979,-0.7305544225651163,10211.41073126928,1
2022-12-13,1.015811624866576,28.959307665598622,23.006197509760725,0.041920460118970264,0.05988303362230307,10158.116248665761,1
2022-12-14,1.0226511201988544,22.152251312266586,22.632794222845217,0.05123607019341617,-0.4552026242507572,10226.511201988544,1
2022-12-15,1.0146154718616562,22.571892311068517,21.68644608272062,0.049391984668727955,-0.36232640745732425,10146.154718616563,1
2022-12-16,1.0078606350165862,12.354794582133536,21.74114079300964,0.047988559527408665,-0.27662059415933027,10078.606350165861,1
2022-12-19,1.0054560843639146,17.983127116650444,22.642899550066602,0.03827487484115927,0.3478094454848514,10054.560843639147,1
2022-12-20,1.0116493367063546,17.27764339349831,23.813382573673206,0.034639232394610135,0.6648862125838803,10116.493367063546,1
2022-12-21,1.014942097791612,16.552302672716237,23.377796197687882,0.06291642810854342,-0.8472944217169879,10149.42097791612,1
2022-12-22,1.009271920615096,14.890464612431801,22.600509240497452,0.08831971737690439,-1.3638305947411176,10092.71920615096,1
2022-12-23,1.0094850921041776,15.45329207108522,23.206631873655876,0.06489755920279838,-0.853202529969289,10094.850921041776,1
2022-12-27,1.0080369437700822,16.46217313125698,24.204232460258098,0.03777048387766896,0.4914251212576218,10080.369437700823,1
2022-12-28,1.010228392574176,15.019961188154602,23.95340836562513,0.057793780233371284,-0.6028933389365267,10102.28392574176,1
2022-12-29,1.0153350723290642,19.431628886289946,24.176135452219462,0.06026637738805521,-0.6982869446215375,10153.350723290641,1
2022-12-30,1.0104305659779729,18.97695996032022,21.112159175894075,0.04805335844922201,-0.18406414897294304,10104.30565977973,0
2023-01-03,1.0185472526635495,25.52782914091982,21.854649291469467,0.03950508035333344,0.34538894237011086,10185.472526635494,1
2023-01-04,1.0177538155167667,20.88125910554066,22.128655359863274,0.046129291177311765,-0.11696391176013586,10177.538155167667,1
2023-01-05,1.0191105395539055,18.5350842601981,21.609045907600084,0.06769976508181516,-0.9701328682785204,10191.105395539054,1
2023-01-06,1.0152864693517851,20.08234741452907,20.878725130430766,0.03639844651430277,0.6218427354007978,10152.864693517851,0
2023-01-09,1.0224739607832578,11.213646099915769,21.02596538425832,0.04657184638742188,-0.13012239279378202,10224.739607832578,0
2023-01-10,1.0170439844059267,21.302731803206285,19.78779591748149,0.04867316940209879,-0.2276829025545869,10170.439844059267,0
2023-01-11,1.0248671861728462,22.023354295475013,20.670697655815626,0.05320847078854954,-0.44897588200029753,10248.671861728462,0
2023-01-12,1.0253548755731212,24.082438938894075,21.594625723557538,0.031221120463571197,1.182292353789271,10253.548755731212,1
2023-01-13,1.0257764414862027,25.03143691000721,21.798650586155148,0.05633548910471641,-0.6041620989197308,10257.764414862027,1
2023-01-17,1.021507369963557,25.75034372916731,21.83495538603893,0.07188194109993747,-1.0513693411050236,10215.07369963557,1
2023-01-18,1.0239194576746526,24.787591469175105,23.212744960840947,0.028171236041152542,1.5723491498440507,10239.194576746526,1
2023-01-19,1.0236066228864182,25.69705909259411,22.440539401045946,0.058157455495007185,-0.6379364063906482,10236.066228864182,1
2023-01-20,1.0206361884902255,24.836735812477563,22.272192921804983,0.04394812363486141,0.10934562107667714,10206.361884902255,1
2023-01-23,1.021709110846861,24.275267199168145,22.37206127762303,0.07715156424796513,-1.149600794434357,10217.09110846861,1
2023-01-24,1.0258127295010948,26.228543359923997,22.857484519408477,0.060911726725629216,-0.6708281032783463,10258.127295010949,1
2023-01-25,1.0325030771854926,18.01771262130824,22.016877491546087,0.08398773779028262,-1.2333512436906036,10325.030771854927,1
2023-01-26,1.024818710529159,17.81747109510304,20.583570567530156,0.0643111631316964,-0.7393092701375719,10248.18710529159,0
2023-01-27,1.026789609549638,12.749187858849348,20.41620740632341,0.08442024397450508,-1.1816518521587278,10267.89609549638,0
2023-01-30,1.026462905091554,12.47176823675691,20.3511461898427,0.08726231925792124,-1.2048540067147886,10264.629050915539,0
2023-01-31,1.0390921513167335,8.36723809677137,19.737641623558826,0.07296447359780522,-0.8910861534989641,10390.921513167335,0
2023-02-01,1.02603160010805,12.113404002649231,19.161288988570533,0.039516632550640564,0.5901630554331093,10260.3160010805,0
2023-02-02,1.028653951564198,10.76739042955587,18.779870659865075,0.05115508174582063,-0.1355891636902542,10286.53951564198,0
2023-02-03,1.0300365464442804,16.756165693259252,19.792978886711296,0.048497781226508885,-0.011904060109409588,10300.365464442804,0
2023-02-06,1.0309375069258109,17.540477903121186,19.033463678808687,0.06586573927705765,-0.6955643231128691,10309.375069258109,0
2023-02-07,1.032343140457514,16.474446145285167,19.17798682647237,0.05467378883889275,-0.3049208328579252,10323.431404575142,0
2023-02-08,1.036661736747899,12.52016058389494,18.22544024875679,0.07390600634113534,-0.9240850969768707,10366.61736747899,0
2023-02-09,1.033317240406303,11.4719442914825,17.637116523637477,0.04885221715787571,0.03577716761596158,10333.172404063029,0
2023-02-10,1.0353461218381868,10.054655382795346,16.344506058490374,0.060247133742612195,-0.5163724811522845,10353.461218381868,0
2023-02-13,1.0381566565950164,14.302162667030283,16.483345307373913,0.07613652802204914,-0.9716678429287595,10381.566565950165,0
2023-02-14,1.0405936663946889,13.622064803714085,16.366173652604775,0.06476558097964417,-0.6220537617510972,10405.936663946888,0
2023-02-15,1.0339850325858198,12.896951696581805,13.674490677556832,0.06558710295207551,-0.627839645912231,10339.850325858197,0
2023-02-16,1.0316590001082449,14.325856722752562,14.24155293786412,0.05190140808520135,-0.06706558866074719,10316.590001082448,0
2023-02-17,1.0331760037386375,15.989764909681142,13.798636608705747,0.05112239211897203,-0.0348666560610623,10331.760037386375,0
2023-02-21,1.0306291508554593,16.850010046701208,15.153330763094566,0.04399859204505456,0.40690027805248896,10306.291508554592,0
2023-02-22,1.0367238595093429,20.619089894951905,14.485493959737958,0.0659395729753254,-0.6538670608153455,10367.23859509343,0
2023-02-23,1.0369271814264631,22.57545352364318,15.051502520871562,0.06317478567953957,-0.5834335665646293,10369.271814264632,0
2023-02-24,1.0316659583889725,22.170546398638997,15.509643529727446,0.0467211123362425,0.20930209062395427,10316.659583889725,0
2023-02-27,1.0373001134685749,21.16379834431585,15.631712388898208,0.07037693888466627,-0.8298318281768233,10373.001134685748,0
2023-02-28,1.0447660034088964,14.672275344334974,15.817554116649957,0.06686413875646076,-0.7028131257859114,10447.660034088964,0
2023-03-01,1.0423623663980437,15.862777550060889,15.638582606861618,0.052631578947368425,-0.04625283609757403,10423.623663980437,0
2023-03-02,1.047409091643456,12.882670962795862,14.71220144730861,0.042081166153276436,0.8471330195388974,10474.09091643456,0
2023-03-03,1.0516358275134228,22.179003532761662,17.749177520234145,0.03238625138856053,2.064877090787997,10516.358275134227,0
2023-03-06,1.0428665142887286,23.29429361397065,17.276725601837665,0.06012542162951917,-0.4856087263537359,10428.665142887286,0
2023-03-07,1.0428428461434087,23.503821430087633,17.43589857994091,0.043296603381464724,0.72339668633318,10428.428461434087,0
2023-03-08,1.0448514655005794,21.310879397277237,17.30449569620649,0.049376863976615115,0.17515457003147428,10448.514655005794,0
2023-03-09,1.046288618205694,18.715105153104776,17.215098047690013,0.046402850991164896,0.4373999803171699,10462.88618205694,0
2023-03-10,1.0494207099632336,25.478359394601274,21.139502287113878,0.022767892717689517,3.943082440699938,10494.207099632336,0
2023-03-13,1.0451124018272666,22.586235458881223,20.670424156959484,0.019416533178001065,4.250571413676718,10451.124018272667,0
2023-03-14,1.034499267926584,29.25905561654842,21.416434654160525,0.02602960086210038,2.318140212402398,10344.99267926584,0
2023-03-15,1.0449553118504449,30.632735097297292,22.440804617152633,0.02214147962651752,2.899871866319996,10449.55311850445,1
2023-03-16,1.039637496011111,32.692742773920855,22.353463448831228,0.023207617668423483,2.467136673342928,10396.37496011111,1
2023-03-17,1.03077911089948,23.870507313841415,22.076149742753238,0.026226756537019065,1.8333256532553441,10307.7911089948,1
2023-03-20,1.0341610385146969,25.184341423663486,22.356938030930213,0.04124936063491016,0.3161033113247157,10341.610385146969,1
2023-03-21,1.043326330158088,22.365413765256303,21.289266062730945,0.0528125313574405,-0.2768374693395327,10433.263301580879,0
2023-03-22,1.048943465667791,19.659815634300966,21.513793629889026,0.03789529529908862,0.5256844865333036,10489.43465667791,1
2023-03-23,1.036432042289137,18.27759808237415,21.364680394234732,0.039254016667255476,0.40600994978850635,10364.320422891371,0
2023-03-24,1.039683233074389,14.782806935395623,20.603214995159064,0.0422784713795888,0.2074505201255437,10396.83233074389,0
2023-03-27,1.0376015131826632,22.155331560638494,22.65488346144726,0.044995387972732795,0.03795284920876388,10376.015131826633,1
2023-03-28,1.0413121327684085,21.69972040298199,22.630542339939915,0.05619777119639435,-0.46341583914978535,10413.121327684084,1
2023-03-29,1.0407800175171658,17.77308302622477,22.2077699264735,0.05950822403656185,-0.5659334936629874,10407.800175171658,1
2023-03-30,1.0376504327362266,18.68424039905903,21.84327463984538,0.0698528898140516,-0.8212623558312303,10376.504327362265,1
2023-03-31,1.0429959346846167,22.46975977254451,20.859103370165094,0.03937519441502242,0.4107934355729525,10429.959346846166,0
2023-04-03,1.0418560349017008,10.00638623015685,20.534063082844096,0.05484019566981815,-0.39719867904083705,10418.560349017007,0
2023-04-04,1.0341314831489192,9.655444546178673,20.51364984453482,0.05539429660322173,-0.4009024393091529,10341.314831489191,0
2023-04-05,1.0392747415593913,7.375097697517824,20.67723042867935,0.043388277355224165,0.15746729713503635,10392.747415593913,0
2023-04-06,1.0391896207869475,8.057128067468183,20.67659510898881,0.06080025292905218,-0.5748634073981027,10391.896207869475,0
2023-04-10,1.0345939442316925,16.152790532528748,18.202332823136235,0.05226189480725813,-0.2744696558176977,10345.939442316925,0
2023-04-11,1.0405711931277546,15.911095037942163,18.20012986330435,0.07157581310123683,-0.8243525881025445,10405.711931277547,0
2023-04-12,1.0420436250028298,15.481904680723583,17.056805560889256,0.048631036327384136,-0.08652705455984881,10420.436250028297,0
2023-04-13,1.0438015885749992,12.570420059205517,15.989207096070443,0.04529108580849117,0.06972085317138763,10438.015885749992,0
2023-04-14,1.04290494315142,11.355553055150526,16.083390156652616,0.050500204525828325,-0.16281499651482814,10429.049431514199,0
2023-04-17,1.0434832797898572,9.286864413631642,15.600438000585395,0.051206423333742986,-0.1993507616691173,10434.832797898573,0
2023-04-18,1.0453884669007127,10.091461503345728,15.424379529042056,0.06280381344755254,-0.6037748945631125,10453.884669007128,0
2023-04-19,1.0416388092997972,10.109770595355853,15.137873330129025,0.06213534320456819,-0.5927755947240065,10416.388092997973,0
2023-04-20,1.0465198786092276,13.570507723296247,14.655647132371168,0.06078990401274156,-0.5513547797005115,10465.198786092276,0
2023-04-21,1.045732176925117,12.59231864031792,14.7655598447328,0.06559656798756289,-0.7024280970329893,10457.321769251172,0
2023-04-24,1.047527978217046,10.214436874912035,15.132500950769398,0.05870508327316062,-0.49641466961068614,10475.279782170459,0
2023-04-25,1.0487519146643276,13.199244621170914,13.414827481888054,0.04566230896031489,0.055795466564098804,10487.519146643275,0
2023-04-26,1.042940966909324,17.255527511513698,14.078025035426519,0.05099335046709909,-0.23475730868169628,10429.409669093238,0
2023-04-27,1.0458087339703197,18.66147555004257,14.557864063971648,0.04938856950947273,-0.17262715457138814,10458.087339703197,0
2023-04-28,1.0481153620270978,21.03949546044674,15.542993613054218,0.03710010721930986,0.6341944172926914,10481.153620270978,0
2023-05-01,1.0455397450575663,30.23312859772066,17.902462172370225,0.030781259138186308,1.2594671920514904,10455.397450575663,0
2023-05-02,1.0511511039110282,34.694833105369504,20.095473370197446,0.03326923460798861,0.9440840295251878,10511.511039110283,0
2023-05-03,1.0535963288962196,33.952865418716094,20.117533578288036,0.042272216163204576,0.17123504635316028,10535.963288962195,0
2023-05-04,1.0404386859547097,33.9434780016371,19.98472845279585,0.039823978017164134,0.3309705114253715,10404.386859547098,0
2023-05-05,1.0479382551031704,31.405988159208185,19.946001374093203,0.06624051932567152,-0.8667209354637593,10479.382551031704,0
2023-05-08,1.045914169000275,24.52937139249882,19.753985523846364,0.04857434303201049,-0.2114496676489409,10459.141690002749,0
2023-05-09,1.043953129671863,11.822526786098143,19.724421716955977,0.05213084842955819,-0.38536685481300315,10439.53129671863,0
2023-05-10,1.0440185812216072,14.26589656237049,20.135042661569926,0.04369330793295699,0.03911543953543418,10440.185812216072,0
2023-05-11,1.0422646281440426,16.384626922916617,20.38110912684095,0.05222695746636584,-0.4230051928336694,10422.646281440426,0
2023-05-12,1.042970427049007,17.36647801877441,20.33777531709497,0.07042997499735888,-1.0206111697256592,10429.70427049007,0
2023-05-15,1.0413643786019722,15.779539551385549,20.227310438697916,0.049787655648658474,-0.3079961432037063,10413.643786019722,0
2023-05-16,1.0477361835975263,15.712013816607652,20.203626109182675,0.03418604730665226,0.7823205479565359,10477.361835975264,0
2023-05-17,1.043551875496621,12.969496201665153,20.222303489424963,0.0468583799183727,-0.17157416121937968,10435.518754966211,0
2023-05-18,1.0444481461068251,5.2784908938828945,20.064565342221197,0.039159480901921166,0.31686512854070775,10444.481461068252,0
2023-05-19,1.0460407154718523,5.050659733977104,20.11229885211698,0.034437633445829605,0.7176199509402574,10460.407154718523,0
2023-05-22,1.045903179142291,3.5739110877929767,19.689800614076987,0.049674384410191195,-0.36561464806833116,10459.03179142291,0
2023-05-23,1.0482051945441555,6.593105675507986,18.780457013328256,0.04597806846134394,-0.18557675465049223,10482.051945441555,0
2023-05-24,1.0434254271925612,6.615145505291001,18.565917080032506,0.05413188692931458,-0.5995514427867239,10434.25427192561,0
2023-05-25,1.056257595422946,5.913301365015109,18.351105767533838,0.0444586712192346,-0.10938625764450564,10562.57595422946,0
2023-05-26,1.058407463292374,8.58136655482977,17.49878387617128,0.05871887165816222,-0.7694165561720602,10584.074632923739,0
2023-05-30,1.0554588412187007,10.273141075582771,14.963467789773555,0.04324286925086054,-0.0009470396808933658,10554.588412187008,0
2023-05-31,1.0553133624033326,11.136180614750698,12.161495662539883,0.042039769622062476,0.06693242740631333,10553.133624033326,0
2023-06-01,1.056167795505695,8.068431737711672,12.05130618938432,0.04752761354346875,-0.2722671314707072,10561.67795505695,0
2023-06-02,1.049714049600083,13.713520996182652,12.158220621770974,0.05225615969482403,-0.5074830535105503,10497.14049600083,0
2023-06-05,1.0476870514626069,13.644272455782907,12.138670529897006,0.06928470470858854,-1.0698515751356128,10476.870514626069,0
2023-06-06,1.054355943684791,12.376471993475482,11.415726805625184,0.06977344562206515,-1.07457367624761,10543.559436847909,0
2023-06-07,1.0559895972625717,14.425565358890408,12.489699987590127,0.03960223515015188,0.46346436951745834,10559.895972625716,0
2023-06-08,1.0565123790179207,17.662021173708048,12.731884560429046,0.04193733723070987,0.3053805075194188,10565.123790179206,0
2023-06-09,1.0536908551199675,15.818913423321018,12.001660873271378,0.0451520268744864,0.11214293453399803,10536.908551199675,0
2023-06-12,1.0543366304216577,15.84901407859593,11.800379331563292,0.05260306255030168,-0.44013303371728607,10543.366304216577,0
2023-06-13,1.060911080595587,16.63212538580559,11.750454291554252,0.038593945381848495,1.1617741991050046,10609.11080595587,0
2023-06-14,1.064719549265002,13.354795849461079,12.121541234727983,0.034371111767981244,1.8376284098430409,10647.195492650018,0
2023-06-15,1.0627801087804731,12.479513571301714,12.564391855709983,0.038862117208145495,1.0407912308698506,10627.801087804732,0
2023-06-16,1.0619735261988663,13.00558772971745,12.335247909614363,0.059669075308339946,-0.9489864442449579,10619.735261988662,0
2023-06-20,1.0635642028220669,13.60366623170402,12.188675785280507,0.058265211590115884,-0.828854543362605,10635.642028220669,0
2023-06-21,1.0613310372241676,8.649255384622952,12.060270294267694,0.05070968199958418,-0.23411159634590062,10613.310372241676,0
2023-06-22,1.061549894287782,13.861940291243574,12.973294189792004,0.04231783231135769,0.6494579202817893,10615.498942877819,0
2023-06-23,1.0621586357013184,14.012348254077436,13.176539687353337,0.043664499452010536,0.4655494622411647,10621.586357013184,0
2023-06-26,1.0661610043248095,13.427173228471798,13.092620052567968,0.07755003916276978,-1.7616228633315583,10661.610043248096,0
2023-06-27,1.0661848907422296,12.763673600149453,12.952957701370002,0.05523122552566319,-0.6224934217446011,10661.848907422296,0
2023-06-28,1.064131230126134,13.069831675753043,12.59094717903268,0.0419695468967717,0.6825078231911025,10641.312301261341,0
2023-06-29,1.0662726043857962,16.75344590236836,13.902360184092913,0.024335873998578783,3.8994073950788204,10662.726043857961,0
2023-06-30,1.0688067962758214,17.542755900443552,14.498120283668422,0.031225702500241998,2.0086992891082445,10688.067962758214,0
2023-07-03,1.064290611351387,17.764342080879253,14.085914222928754,0.06245394021908843,-1.000561358937605,10642.90611351387,0
2023-07-05,1.0753170657330808,18.55653821757952,14.490717307444303,0.03549837949897587,1.2445456116198041,10753.170657330807,0
2023-07-06,1.0675617493125418,18.346824270001353,15.111684233967413,0.024168775392319646,3.293687790359801,10675.617493125417,0
2023-07-07,1.0695527379724854,15.614149739639421,14.3582673849325,0.03448692083527322,1.163289794033222,10695.527379724854,0
2023-07-10,1.0668355428800111,9.012011343181134,13.620817356237733,0.04054295120250393,0.41630505197617107,10668.355428800112,0
2023-07-11,1.0702021630579346,12.47285531204778,13.807665475821512,0.04881501549876742,-0.2876556252528468,10702.021630579346,0
2023-07-12,1.065951218252325,15.613875497895178,14.404421262892816,0.03132047105988474,1.5836942683815047,10659.512182523249,0
2023-07-13,1.064057537201914,11.261893950720388,14.463682276924203,0.030824715256692815,1.5998671218965097,10640.57537201914,0
2023-07-14,1.0645094604729266,11.185759256814007,14.349238301375621,0.05385319618719371,-0.6668649095904485,10645.094604729265,0
2023-07-17,1.065528519846427,11.34399132816608,13.881516213832128,0.053129316756986504,-0.6370300387536532,10655.285198464271,0
2023-07-18,1.0658467053338727,11.323188779700866,13.94237232688652,0.06490387735763335,-1.1926474639851068,10658.467053338727,0
2023-07-19,1.063747051986875,11.387809836128127,14.321009620177088,0.03677484600533235,0.715332909813252,10637.47051986875,0
2023-07-20,1.067431985413966,14.418253783995153,14.915052287786107,0.017558892525530632,4.499900223610266,10674.31985413966,0
2023-07-21,1.0680419204623932,13.561985300857598,14.301145232462408,0.048408568316592036,-0.3846946071064091,10680.419204623931,0
2023-07-24,1.064129479312878,13.950762936279599,13.837206891766835,0.05699077319381992,-0.7961651031481634,10641.29479312878,0
2023-07-25,1.0711047696816949,13.388127816332066,13.824265114055995,0.058273020756849994,-0.8373167037656438,10711.04769681695,0
2023-07-26,1.0677167662910312,8.386175836121033,13.825537906207657,0.051784761815988026,-0.5328870666541982,10677.167662910311,0
2023-07-27,1.0741480559475731,13.377465117056422,15.179750004590522,0.022324219098815924,2.692688148249455,10741.48055947573,0
2023-07-28,1.0720699295064984,14.881314314714794,14.110576338971029,0.036451119049354816,0.5040136323219432,10720.699295064984,0
2023-07-31,1.0752370321498936,15.519393210689984,13.37482935722143,0.034887209651197675,0.6472258199505629,10752.370321498936,0
2023-08-01,1.0718195514339868,18.28873940801903,14.349707326332032,0.028617707492688178,1.3973283712973916,10718.195514339868,0
2023-08-02,1.0694766481081386,17.559335392162964,14.441000676800602,0.026232053996059948,1.7171244674857247,10694.766481081386,0
2023-08-03,1.0736887932180696,19.184930540657355,15.73855352892056,0.0168364907365628,3.7108073894775666,10736.887932180696,0
2023-08-04,1.0665613221474768,25.772445536661724,17.18209208051417,0.02376889032558626,1.770588914001465,10665.613221474769,0
2023-08-07,1.067822608381153,24.69787592857175,17.42795316241228,0.027883969227251563,1.0885587944941504,10678.22608381153,0
2023-08-08,1.0663675017087562,26.932428649064132,17.908094158126776,0.041648445471772766,-0.14644378202977168,10663.675017087562,0
2023-08-09,1.0697958557132323,26.372134388069927,17.477237992389345,0.04962508250169966,-0.5624357733969265,10697.958557132324,0
2023-08-10,1.0608130822542703,22.86356033611811,17.611590278063332,0.026843331579569002,1.1876470775663033,10608.130822542704,0
2023-08-11,1.068702046714873,17.868663418192085,17.579292715796598,0.037378286953108936,0.10266115893623645,10687.020467148728,0
2023-08-14,1.0695725500064674,16.635293016229255,17.53807847086583,0.05243288590604027,-0.6896387210147864,10695.725500064675,0
2023-08-15,1.0677863499320688,12.530085538970678,17.341243770471536,0.04145077720207254,-0.1635545043907479,10677.863499320687,0
2023-08-16,1.073262591051561,9.260773358311694,16.48791024010605,0.04333375222627152,-0.26197969564503915,10732.62591051561,0
2023-08-17,1.0752914561137958,3.8688507171936815,16.2346173264724,0.031012656265021758,0.6666254248861032,10752.914561137959,0
2023-08-18,1.0717160386288171,6.967787040053594,16.38916343186287,0.04135358556263621,-0.17261370976854973,10717.160386288171,0
2023-08-21,1.072918025490379,9.725326280319097,16.72796608444473,0.03418324269076813,0.33596643897675005,10729.18025490379,0
2023-08-22,1.0778878292714664,13.47133903999523,17.251492139816886,0.04692918854740083,-0.4885849180752272,10778.878292714664,0
2023-08-23,1.0742038132970777,22.638778854056078,19.99180520289105,0.026113274160654083,1.2339711858227336,10742.038132970776,0
2023-08-24,1.0713723314104786,23.207336816569754,19.06168336333178,0.04484144066580571,-0.41820515424894283,10713.723314104785,0
2023-08-25,1.0799566832250866,23.20579380076396,18.97954577836156,0.04190201632502556,-0.25667257603200433,10799.566832250866,0
2023-08-28,1.0766834351651111,18.54624158895003,18.942518301398312,0.06235463575539524,-1.0497153417069223,10766.83435165111,0
2023-08-29,1.076335431308273,18.795515961489922,18.667523958152184,0.035114702174653505,0.2120201240318494,10763.35431308273,0
2023-08-30,1.074179439258378,9.856381368506833,18.30468063017018,0.05697973230921761,-0.9251070192258976,10741.79439258378,0
2023-08-31,1.0725399284255452,6.870506653829763,16.277174288805977,0.037092400879831754,0.029043186484427785,10725.399284255453,0
2023-09-01,1.0726420303386763,15.32118445627087,16.02726339691392,0.030797943929263282,0.5939257313669859,10726.420303386763,0
2023-09-05,1.0742038089531636,18.071918463012423,16.408471887638296,0.03397212247629595,0.2662034034971126,10742.038089531636,0
2023-09-06,1.077486864230155,14.93333651418791,15.793676907241268,0.042307806213324424,-0.34484920458017376,10774.86864230155,0
2023-09-07,1.079605950082204,15.75166869304066,15.68500540899953,0.055274576458557885,-0.9239175795989125,10796.059500822039,0
2023-09-08,1.0766383160306934,15.540559935433015,14.737064086459531,0.05864380340251347,-1.0085221985937405,10766.383160306934,0
2023-09-11,1.0761571545030697,12.483320348375354,14.920386760218744,0.0586114937139173,-0.9790212816941296,10761.571545030696,0
2023-09-12,1.0808279599254094,8.0135863955152,15.080867756538503,0.04991439680947175,-0.6603105837954926,10808.279599254094,0
2023-09-13,1.0749321743383784,8.041532600563485,14.924746445277245,0.04285904090038273,-0.33539024638530546,10749.321743383784,0
2023-09-14,1.0780590752882862,9.618937381661306,14.884102213383827,0.035970446681006886,0.10961319149463548,10780.590752882861,0
2023-09-15,1.0744509183360471,9.036856070158032,14.96805154838878,0.038997149308385555,-0.1264020645108748,10744.509183360471,0
2023-09-18,1.078989395350542,9.855124083898012,15.05676814676489,0.05566874867786722,-0.9156645901756071,10789.893953505421,0
2023-09-19,1.074507765630664,9.051096634670806,14.493463597451367,0.04009333728920928,-0.19254373848064307,10745.077656306641,0
2023-09-20,1.0700942012824008,9.971457008721933,14.276508255492404,0.03395447384147335,0.25337164172514154,10700.942012824009,0
2023-09-21,1.0760346997174557,19.59005487681533,13.9445238732748,0.016678146791041168,3.138640455645271,10760.346997174556,0
2023-09-22,1.079964797091512,22.001096480987602,14.32521884683903,0.03387017561686058,0.16273993828514768,10799.64797091512,0
2023-09-25,1.0790982399779043,24.612007351586147,16.326705115338864,0.02193564520410021,1.7039710758384512,10790.982399779043,0
2023-09-26,1.080955257138107,24.95730533040602,16.254037551621163,0.026243895013922387,0.9654019797151733,10809.55257138107,0
2023-09-27,1.084725844709574,23.147900127742517,15.434432205354776,0.021226375044575387,1.7516100483447494,10847.25844709574,0
2023-09-28,1.085611046193309,19.769636908425646,15.608633387795631,0.0166008167601846,2.7428272574172805,10856.11046193309,0
2023-09-29,1.0931593394949106,17.256528481220926,15.374737671294394,0.02040395755160671,1.7156587503918113,10931.593394949106,0
2023-10-02,1.0871356667196892,12.028449193981524,15.494981391237806,0.02236921280503218,1.3004447751467905,10871.356667196891,0
2023-10-03,1.0910602094455293,16.929393182103624,16.333402185228067,0.014012942353557746,3.1919000092889562,10910.602094455293,0
2023-10-04,1.0910794843487577,23.321882577226937,17.47702314068133,0.017767796224698658,1.9203814553401606,10910.794843487576,0
2023-10-05,1.08612399283878,22.428746562784923,17.297870956306696,0.02796514424421401,0.36546274002307827,10861.2399283878,0
2023-10-06,1.0844229341906824,22.074105497460476,17.22657312073089,0.01592663554602081,2.2598012141008876,10844.229341906823,0
2023-10-10,1.0934364694639445,23.148015770893576,19.674446197643796,0.018266875396162858,1.6108976815431382,10934.364694639444,0
2023-10-11,1.0945794536946598,25.4334587848704,21.542459136948878,0.01708884662247491,1.7998743764060436,10945.794536946598,1
2023-10-12,1.084648504007466,34.31346056781074,23.170367423794076,0.01492833652053318,2.2472653866746235,10846.48504007466,1
2023-10-13,1.0924476915549173,33.836999361260446,24.399314005163873,0.022632729642991324,0.7400893810154189,10924.476915549172,1
2023-10-16,1.0914536340818868,33.170008404343115,24.630711728176784,0.026102981482544935,0.31983131961989913,10914.536340818868,1
2023-10-17,1.0957310587701583,33.90733296328407,24.734980206545785,0.018886062274901746,1.2819572937340191,10957.310587701582,1
2023-10-18,1.0992200878550291,26.399801706359227,24.64385762185028,0.01569252690483738,1.9265340699557754,10992.200878550291,1
2023-10-19,1.0943741710569226,23.822798742592475,24.11631125975397,0.011402911619452913,3.175121189818301,10943.741710569226,1
2023-10-20,1.0970727627895116,15.775911971986808,23.96963680372328,0.01916119933778895,0.9739108090130342,10970.727627895116,1
2023-10-23,1.0927610743480476,20.886343279487246,23.39582315149337,0.014106282373918049,2.006998997688213,10927.610743480476,1
2023-10-24,1.1037045339735727,23.089778571932186,24.04926260399638,0.021613350134110837,0.5306131799152206,11037.045339735727,1
2023-10-25,1.1023626847470758,27.913598586442667,25.113092118254844,0.016464374386702053,1.341107278352974,11023.626847470758,1
2023-10-26,1.104933933867378,24.67406135272528,25.84814564707389,0.02011906462444748,0.6837057381754591,11049.33933867378,1
2023-10-27,1.0996622933548554,25.443112943783724,25.847409012816968,0.030900152337751025,-0.3011343154985983,10996.622933548555,1
2023-10-30,1.0956986221626424,24.355421114107468,25.294094295466778,0.02220894620771139,0.44051258051417747,10956.986221626423,1
2023-10-31,1.085468907349874,21.127124372609423,24.223780595623843,0.02683180749788029,-0.016741822084107433,10854.68907349874,1
2023-11-01,1.101065077389705,20.363026105155928,24.978132690485573,0.013829632754102216,1.9399978561633004,11010.65077389705,1
2023-11-02,1.0969520687667995,23.299483345598457,26.215955459619693,0.014339096694264648,1.7171137281164692,10969.520687667995,1
2023-11-03,1.0909432527015974,21.433850427672564,25.8168853317908,0.012871288403097862,2.048088741692343,10909.432527015973,1
2023-11-06,1.0961836536570253,23.607531354686817,24.814496135058985,0.02418853511812471,0.0673780758431697,10961.836536570254,1
2023-11-07,1.0938623335284825,21.198305872758596,25.325950269269903,0.026431112591253414,-0.1419193097811109,10938.623335284825,1
2023-11-08,1.092586319852514,19.98054097193189,24.960965213353127,0.018555147754641572,0.7155946964018125,10925.863198525141,1
2023-11-09,1.0951616592119882,27.148732689243776,24.382675722499382,0.011239099478393393,2.4696416821590104,10951.61659211988,1
2023-11-10,1.0921982044884706,27.007993612318042,23.639464300078807,0.027384955800681336,-0.2930599929989081,10921.982044884706,1
2023-11-13,1.0947611318117594,25.645725687843047,22.84905794839018,0.0389688833466477,-0.8670713081527353,10947.611318117593,1
2023-11-14,1.088569472388768,28.50084468893335,23.57989385822074,0.015228395475339137,1.199983254755298,10885.69472388768,1
2023-11-15,1.0846385478205829,28.085044784452624,23.993189673504773,0.017791916420693422,0.6796395855970019,10846.38547820583,1
2023-11-16,1.0921570031301129,22.20739625483334,22.59712361357431,0.02021267779576706,0.31541082292219924,10921.57003130113,1
2023-11-17,1.090955726594933,22.198133412917844,22.591558669303076,0.02268015984976662,0.013181085374185126,10909.55726594933,1
2023-11-20,1.0890530766542796,21.320816933270258,22.417331994260945,0.024704899969860025,-0.19563647088051628,10890.530766542797,1
2023-11-21,1.0899588773123632,15.786182825808615,22.19050618154566,0.03607373471375492,-0.9028100464561823,10899.588773123633,1
2023-11-22,1.0900162826777284,7.441393325228512,20.0463971652715,0.03205385046878756,-0.7175575978170265,10900.162826777285,0
2023-11-24,1.0853820637812723,11.494296589620062,20.41192157034491,0.0495059308105111,-1.324007800365926,10853.820637812723,0
2023-11-27,1.0944014689636568,16.41547733867509,20.755317258153603,0.025122850740119183,-0.2652751281559588,10944.014689636568,0
2023-11-28,1.0930288793534024,16.15500075102034,20.520754720098523,0.02222750742954436,0.008952455890338955,10930.288793534024,0
2023-11-29,1.0898767975625474,17.50204005794618,20.393687781953716,0.0162211790201759,0.9000412264922839,10898.767975625475,0
2023-11-30,1.1022044427808766,21.007088907610786,20.28704941477685,0.01652321759920953,0.8093483694741441,11022.044427808765,0
2023-12-01,1.0899612743219718,19.95705961645941,19.8372381560518,0.015583071797445,0.9823344902203304,10899.612743219717,0
2023-12-04,1.092602205257173,19.478142769396086,19.97171415085509,0.029615326523782588,-0.7623771718546821,10926.02205257173,0
2023-12-05,1.089482699849213,23.065942275659726,20.403380612090494,0.013589061349176366,1.4833690581822645,10894.826998492132,0
2023-12-06,1.087874882482141,23.17579691547447,20.314746271623328,0.016232158828427705,0.7631329678640103,10878.748824821409,0
2023-12-07,1.084998467659291,20.339524020815617,20.05690032646191,0.020846275395975,-0.06618874267264666,10849.98467659291,0
2023-12-08,1.091594062197077,20.963455227276313,18.064963176792208,0.02231684564776876,-0.2769996771636062,10915.94062197077,0
2023-12-11,1.0926553820252909,20.589633489932133,18.186989474257476,0.029490086907286116,-0.959458259026864,10926.55382025291,0
2023-12-12,1.089704378029768,13.528792002733416,18.052927215368864,0.027029291643353902,-0.8112091901754684,10897.04378029768,0
2023-12-13,1.0961208828578024,20.11133322322822,18.163825268101046,0.01411861044635987,1.2916478256025803,10961.208828578025,0
2023-12-14,1.0930953824579848,24.4919536370589,18.446887418222655,0.011389703252671454,2.2445802296189163,10930.953824579849,0
2023-12-15,1.0862724750926755,21.186383261029277,18.362360816817237,0.01668298819011266,0.5197717000948571,10862.724750926756,0
2023-12-18,1.0860123697710753,23.61321756538355,18.971371790472208,0.028780291256547515,-1.0526118712443617,10860.123697710753,0
2023-12-19,1.0935856332806977,23.276283390764796,18.966591309275117,0.03331290142046212,-1.312797020035527,10935.856332806978,0
2023-12-20,1.0875797944039056,19.766127908776777,18.875837257588408,0.01952004122632707,-0.02247887583748429,10875.797944039055,0
2023-12-21,1.0871148554973096,10.63369755827552,19.306877569296496,0.015330087442818774,0.8202985055571717,10871.148554973095,0
2023-12-22,1.0849058086176764,10.947197370551773,18.650847244959575,0.03419481469829915,-1.343170331067438,10849.058086176763,0
2023-12-26,1.087177637234274,9.402750100934018,18.140144503924628,0.041632493328392944,-1.5987960718500174,10871.776372342742,0
2023-12-27,1.0891397149256898,15.360311199700567,18.722113634080333,0.022181408430709714,-0.3492981529953576,10891.397149256898,0
2023-12-28,1.0867081006945418,16.54266909079823,18.994692669384794,0.02761439262143429,-0.8464977922574443,10867.081006945418,0
2023-12-29,1.0878862629458184,17.332605071606807,18.737308528647777,0.02402910405082636,-0.5085100722698731,10878.862629458183,0
